-- phpMyAdmin SQL Dump
-- version 5.0.3
-- https://www.phpmyadmin.net/
--
-- Host: 127.0.0.1
-- Gegenereerd op: 22 sep 2021 om 00:51
-- Serverversie: 10.4.14-MariaDB
-- PHP-versie: 7.4.11

SET SQL_MODE = "NO_AUTO_VALUE_ON_ZERO";
START TRANSACTION;
SET time_zone = "+00:00";


/*!40101 SET @OLD_CHARACTER_SET_CLIENT=@@CHARACTER_SET_CLIENT */;
/*!40101 SET @OLD_CHARACTER_SET_RESULTS=@@CHARACTER_SET_RESULTS */;
/*!40101 SET @OLD_COLLATION_CONNECTION=@@COLLATION_CONNECTION */;
/*!40101 SET NAMES utf8mb4 */;

--
-- Database: `genericlaptop`
--
CREATE DATABASE IF NOT EXISTS `genericlaptop` DEFAULT CHARACTER SET utf8mb4 COLLATE utf8mb4_general_ci;
USE `genericlaptop`;

-- --------------------------------------------------------

--
-- Tabelstructuur voor tabel `brand`
--

CREATE TABLE `brand` (
  `id` int(11) NOT NULL,
  `name` varchar(45) DEFAULT NULL
) ENGINE=InnoDB DEFAULT CHARSET=utf8;

CREATE TABLE `cpu` (
  `id` int(11) NOT NULL,
  `name` varchar(45) DEFAULT NULL,
  `cores` int(11) DEFAULT NULL
) ENGINE=InnoDB DEFAULT CHARSET=utf8;

CREATE TABLE `gpu` (
  `id` int(11) NOT NULL,
  `name` varchar(45) DEFAULT NULL,
  `vram` int(11) DEFAULT NULL
) ENGINE=InnoDB DEFAULT CHARSET=utf8;

CREATE TABLE `laptop` (
  `id` int(11) NOT NULL,
  `name` varchar(45) DEFAULT NULL,
  `price` decimal(11,2) DEFAULT NULL,
  `identifier` varchar(32) DEFAULT NULL,
  `description` varchar(1000) DEFAULT NULL,
  `brand` int(11) NOT NULL,
  `cpu` int(11) NOT NULL,
  `gpu` int(11) NOT NULL,
  `resolution` int(11) NOT NULL,
  `refreshrate` int(11) DEFAULT NULL,
  `diagonal` decimal(4,1) DEFAULT NULL,
  `ram` varchar(45) DEFAULT NULL,
  `storagetype` varchar(4) DEFAULT NULL,
  `storagesize` varchar(45) DEFAULT NULL,
  `thumbnail` varchar(50) NOT NULL
) ENGINE=InnoDB DEFAULT CHARSET=utf8;

CREATE TABLE `resolution` (
  `id` int(11) NOT NULL,
  `resolution` varchar(45) DEFAULT NULL
) ENGINE=InnoDB DEFAULT CHARSET=utf8;
INSERT INTO `brand` (`id`, `name`) VALUES
(1, 'Lenovo'),
(2, 'Asus'),
(3, 'Acer'),
(4, 'HP'),
(5, 'Dell'),
(6, 'Gigabyte');

INSERT INTO `cpu` (`id`, `name`, `cores`) VALUES
(1, 'Intel Core i3', 4),
(2, 'Intel Core i5', 6),
(3, 'Intel Core i7', 6),
(4, 'Intel Core i9', 8),
(5, 'AMD Ryzen 5', 6);

INSERT INTO `gpu` (`id`, `name`, `vram`) VALUES
(1, 'NVIDIA GeForce GTX 1650', 4),
(2, 'NVIDIA GeForce GTX 1660 ti', 6),
(3, 'NVIDIA GeForce RTX 2060', 6),
(4, 'NVIDIA GeForce RTX 2080 Super', 8),
(5, 'NVIDIA GeForce RTX 3070', 8),
(6, 'NVIDIA GeForce RTX 3080', 10);

INSERT INTO `laptop` (`id`, `name`, `price`, `identifier`, `description`, `brand`, `cpu`, `gpu`, `resolution`, `refreshrate`, `diagonal`, `ram`, `storagetype`, `storagesize`, `thumbnail`) VALUES
(1, 'L2825', '782.99', '83268577682704833668', 'Speel games als Cyberpunk 2077 op bepaalde instellingen met hoge framerates op de Lenovo L2825. Daar is de NVIDIA GeForce GTX 1650 videokaart krachtig genoeg voor. In competitieve shooters ben je jouw tegenstanders altijd een stapje voor dankzij het 120 hertz beeldscherm. Je ziet op dit scherm tot wel 120 beelden per seconden, waardoor snelle gameplay soepel weergegeven wordt. Met een AMD Ryzen 5 processor en 8GB werkgeheugen blijft het niet bij gamen alleen. Bewerk video\'s, stream gameplay naar Twitch of werk in meerdere programma\'s tegelijkertijd.', 1, 5, 1, 2, 120, '12.5', '8GB', 'SSD', '2TB', '00000001.png'),
(2, 'H1070', '662.99', '16654634470041622677', 'Schrijf een Word verslag of videochat met vrienden en familie op de HP H1070. Open een paar internet tabbladen tegelijkertijd dankzij 4GB werkgeheugen. Op een warme dag neem je de Lenovo mee naar de tuin. Je hebt geen last van zonlicht reflecties op het ontspiegelde beeldscherm. Via de Dolby Audio luidsprekers versta je iedereen duidelijk tijdens het Skypen of Zoomen. Even niet aan het videochatten? Schuif het klepje voor de webcam en werp een fysieke blokkade op voor potentiële meekijkers.', 4, 3, 5, 1, 120, '15.6', '4GB', 'HDD', '1TB', '00000002.png'),
(3, 'ABY87LP', '1065.99', '30601826485282385732', 'Bewerk video\'s en multitask overzichtelijk op het 17.3 inch beeldscherm van de Acer ABY87LP. Daar is deze Acer met AMD Ryzen 5 processor en 33GB werkgeheugen. Door de NVIDIA GeForce RTX 2060 videokaart renderen videoprojecten sneller en speel je simpele games als Minecraft en The Sims op deze laptop.', 3, 5, 3, 3, 60, '17.3', '33GB', 'HDD', '1TB', '00000003.png'),
(4, 'ADF-817', '955.99', '04553806131302254254', 'Schrijf een Word verslag of videochat met vrienden en familie op de Asus ADF-817. Open een paar internet tabbladen tegelijkertijd dankzij 33GB werkgeheugen. Op een warme dag neem je de Lenovo mee naar de tuin. Je hebt geen last van zonlicht reflecties op het ontspiegelde beeldscherm. Via de Dolby Audio luidsprekers versta je iedereen duidelijk tijdens het Skypen of Zoomen. Even niet aan het videochatten? Schuif het klepje voor de webcam en werp een fysieke blokkade op voor potentiële meekijkers.', 2, 3, 1, 2, 120, '17.3', '33GB', 'SHDD', '500GB', '00000004.png'),
(5, 'H1407', '1764.99', '37240174140626348704', 'Schrijf een Word verslag of videochat met vrienden en familie op de HP H1407. Open een paar internet tabbladen tegelijkertijd dankzij 4GB werkgeheugen. Op een warme dag neem je de Lenovo mee naar de tuin. Je hebt geen last van zonlicht reflecties op het ontspiegelde beeldscherm. Via de Dolby Audio luidsprekers versta je iedereen duidelijk tijdens het Skypen of Zoomen. Even niet aan het videochatten? Schuif het klepje voor de webcam en werp een fysieke blokkade op voor potentiële meekijkers.', 4, 3, 1, 3, 144, '14', '4GB', 'SHDD', '4TB', '00000005.png'),
(6, 'L6071', '774.99', '47713355152464604514', 'Bewerk bedrijfsvideo\'s of filmprojecten en schrijf tegelijkertijd het script uit met de Lenovo L6071 11.6 inch laptop. De laptop is uitgerust met een AMD Ryzen 5 processor en 4GB aan werkgeheugen, waardoor je vloeiend met zware bestanden aan het werk gaat. Het 11.6 inch beeldscherm komt met een haarscherpe 4K (UHD) resolutie. Inloggen gaat veilig en snel via de infrarood camera met gezichtsherkenning. Zo weet je zeker dat er geen ongewenste bezoekers gebruik maken van je laptop. Een muziekje luisteren tijdens werk of geluidsbestanden bewerken in je video? Door de Dolby Atmos speakers klinkt je geluid scherper dan bij standaard luidsprekers.', 1, 5, 3, 3, 144, '11.6', '4GB', 'SSD', '500GB', '00000006.png'),
(7, 'D03002', '748.99', '80573773808136077355', 'Bewerk video\'s en multitask overzichtelijk op het 15.6 inch beeldscherm van de Dell D03002. Daar is deze Dell met Intel Core i7 processor en 33GB werkgeheugen. Door de NVIDIA GeForce RTX 3070 videokaart renderen videoprojecten sneller en speel je simpele games als Minecraft en The Sims op deze laptop.', 5, 3, 5, 1, 144, '15.6', '33GB', 'SHDD', '4TB', '00000007.png'),
(8, 'G26000', '716.99', '00847380401367227746', 'Bewerk video\'s en multitask overzichtelijk op het 15.6 inch beeldscherm van de Gigabyte G26000. Daar is deze Gigabyte met AMD Ryzen 5 processor en 16GB werkgeheugen. Werk op een zonnige dag in jouw achtertuin verder. Het ontspiegelde beeldscherm zorgt ervoor dat je geen last hebt van vervelende lichtreflecties.', 6, 5, 2, 1, 60, '15.6', '16GB', 'SHDD', '4TB', '00000008.png'),
(9, 'L1372', '1450.99', '52587620216272540862', 'Speel games als Cyberpunk 2077 op bepaalde instellingen met hoge framerates op de Lenovo L1372. Daar is de NVIDIA GeForce GTX 1650 videokaart krachtig genoeg voor. In competitieve shooters ben je jouw tegenstanders altijd een stapje voor dankzij het 120 hertz beeldscherm. Je ziet op dit scherm tot wel 120 beelden per seconden, waardoor snelle gameplay soepel weergegeven wordt. Met een Intel Core i3 processor en 33GB werkgeheugen blijft het niet bij gamen alleen. Bewerk video\'s, stream gameplay naar Twitch of werk in meerdere programma\'s tegelijkertijd.', 1, 1, 1, 3, 120, '14', '33GB', 'HDD', '1TB', '00000009.png'),
(10, 'AKD-383', '1067.99', '12653075318460176004', 'Bewerk video\'s en multitask overzichtelijk op het 14 inch beeldscherm van de Asus AKD-383. Daar is deze Asus met AMD Ryzen 5 processor en 16GB werkgeheugen. Door de NVIDIA GeForce GTX 1650 videokaart renderen videoprojecten sneller en speel je simpele games als Minecraft en The Sims op deze laptop.', 2, 5, 1, 2, 120, '14', '16GB', 'SSD', '500GB', '00000010.png'),
(11, 'AQJ-756', '1548.99', '20567327156486613186', 'Bewerk bedrijfsvideo\'s of filmprojecten en schrijf tegelijkertijd het script uit met de Asus AQJ-756 17.3 inch laptop. De laptop is uitgerust met een Intel Core i7 processor en 16GB aan werkgeheugen, waardoor je vloeiend met zware bestanden aan het werk gaat. Het 17.3 inch beeldscherm komt met een haarscherpe Full HD (1080p) resolutie. Inloggen gaat veilig en snel via de infrarood camera met gezichtsherkenning. Zo weet je zeker dat er geen ongewenste bezoekers gebruik maken van je laptop. Een muziekje luisteren tijdens werk of geluidsbestanden bewerken in je video? Door de Dolby Atmos speakers klinkt je geluid scherper dan bij standaard luidsprekers.', 2, 3, 1, 1, 120, '17.3', '16GB', 'SHDD', '500GB', '00000011.png'),
(12, 'G05000', '1220.99', '67436581712341607131', 'Bewerk video\'s en multitask overzichtelijk op het 13.3 inch beeldscherm van de Gigabyte G05000. Daar is deze Gigabyte met Intel Core i9 processor en 4GB werkgeheugen. Door de NVIDIA GeForce RTX 3070 videokaart renderen videoprojecten sneller en speel je simpele games als Minecraft en The Sims op deze laptop.', 6, 4, 5, 1, 120, '13.3', '4GB', 'SSD', '1TB', '00000012.png'),
(13, 'G36001', '1426.99', '38180631160877145566', 'Speel games als Cyberpunk 2077 op bepaalde instellingen met hoge framerates op de Gigabyte G36001. Daar is de NVIDIA GeForce RTX 3070 videokaart krachtig genoeg voor. In competitieve shooters ben je jouw tegenstanders altijd een stapje voor dankzij het 60 hertz beeldscherm. Je ziet op dit scherm tot wel 60 beelden per seconden, waardoor snelle gameplay soepel weergegeven wordt. Met een Intel Core i7 processor en 16GB werkgeheugen blijft het niet bij gamen alleen. Bewerk video\'s, stream gameplay naar Twitch of werk in meerdere programma\'s tegelijkertijd.', 6, 3, 5, 1, 60, '15.6', '16GB', 'HDD', '1TB', '00000013.png'),
(14, 'G87003', '1145.99', '37706658840648107117', 'Bewerk bedrijfsvideo\'s of filmprojecten en schrijf tegelijkertijd het script uit met de Gigabyte G87003 14 inch laptop. De laptop is uitgerust met een Intel Core i3 processor en 4GB aan werkgeheugen, waardoor je vloeiend met zware bestanden aan het werk gaat. Het 14 inch beeldscherm komt met een haarscherpe Quad HD (1440p) resolutie. Inloggen gaat veilig en snel via de infrarood camera met gezichtsherkenning. Zo weet je zeker dat er geen ongewenste bezoekers gebruik maken van je laptop. Een muziekje luisteren tijdens werk of geluidsbestanden bewerken in je video? Door de Dolby Atmos speakers klinkt je geluid scherper dan bij standaard luidsprekers.', 6, 1, 1, 2, 144, '14', '4GB', 'SSD', '1TB', '00000014.png'),
(15, 'L8588', '709.99', '08460158285182440002', 'Schrijf een Word verslag of videochat met vrienden en familie op de Lenovo L8588. Open een paar internet tabbladen tegelijkertijd dankzij 33GB werkgeheugen. Op een warme dag neem je de Lenovo mee naar de tuin. Je hebt geen last van zonlicht reflecties op het ontspiegelde beeldscherm. Via de Dolby Audio luidsprekers versta je iedereen duidelijk tijdens het Skypen of Zoomen. Even niet aan het videochatten? Schuif het klepje voor de webcam en werp een fysieke blokkade op voor potentiële meekijkers.', 1, 3, 1, 2, 120, '11.6', '33GB', 'HDD', '2TB', '00000015.png'),
(16, 'H5014', '1890.99', '45822704580717867045', 'Bewerk bedrijfsvideo\'s of filmprojecten en schrijf tegelijkertijd het script uit met de HP H5014 15.6 inch laptop. De laptop is uitgerust met een Intel Core i7 processor en 33GB aan werkgeheugen, waardoor je vloeiend met zware bestanden aan het werk gaat. Het 15.6 inch beeldscherm komt met een haarscherpe 4K (UHD) resolutie. Inloggen gaat veilig en snel via de infrarood camera met gezichtsherkenning. Zo weet je zeker dat er geen ongewenste bezoekers gebruik maken van je laptop. Een muziekje luisteren tijdens werk of geluidsbestanden bewerken in je video? Door de Dolby Atmos speakers klinkt je geluid scherper dan bij standaard luidsprekers.', 4, 3, 2, 3, 60, '15.6', '33GB', 'SHDD', '1TB', '00000016.png'),
(17, 'AGC53AL', '1757.99', '55617815872313637048', 'Bewerk bedrijfsvideo\'s of filmprojecten en schrijf tegelijkertijd het script uit met de Acer AGC53AL 15.6 inch laptop. De laptop is uitgerust met een AMD Ryzen 5 processor en 16GB aan werkgeheugen, waardoor je vloeiend met zware bestanden aan het werk gaat. Het 15.6 inch beeldscherm komt met een haarscherpe Full HD (1080p) resolutie. Inloggen gaat veilig en snel via de infrarood camera met gezichtsherkenning. Zo weet je zeker dat er geen ongewenste bezoekers gebruik maken van je laptop. Een muziekje luisteren tijdens werk of geluidsbestanden bewerken in je video? Door de Dolby Atmos speakers klinkt je geluid scherper dan bij standaard luidsprekers.', 3, 5, 2, 1, 60, '15.6', '16GB', 'SSD', '2TB', '00000017.png'),
(18, 'AYW71DD', '1970.99', '02468224335518667472', 'Speel games als Cyberpunk 2077 op bepaalde instellingen met hoge framerates op de Acer AYW71DD. Daar is de NVIDIA GeForce RTX 2080 Super videokaart krachtig genoeg voor. In competitieve shooters ben je jouw tegenstanders altijd een stapje voor dankzij het 60 hertz beeldscherm. Je ziet op dit scherm tot wel 60 beelden per seconden, waardoor snelle gameplay soepel weergegeven wordt. Met een Intel Core i9 processor en 8GB werkgeheugen blijft het niet bij gamen alleen. Bewerk video\'s, stream gameplay naar Twitch of werk in meerdere programma\'s tegelijkertijd.', 3, 4, 4, 2, 60, '11.6', '8GB', 'SSD', '2TB', '00000018.png'),
(19, 'D38007', '1150.99', '31623130250433654786', 'Bewerk video\'s en multitask overzichtelijk op het 14 inch beeldscherm van de Dell D38007. Daar is deze Dell met Intel Core i9 processor en 4GB werkgeheugen. Werk op een zonnige dag in jouw achtertuin verder. Het ontspiegelde beeldscherm zorgt ervoor dat je geen last hebt van vervelende lichtreflecties.', 5, 4, 5, 3, 144, '14', '4GB', 'SHDD', '4TB', '00000019.png'),
(20, 'ALG-746', '695.99', '37157055503740120534', 'Bewerk bedrijfsvideo\'s of filmprojecten en schrijf tegelijkertijd het script uit met de Asus ALG-746 14 inch laptop. De laptop is uitgerust met een Intel Core i3 processor en 16GB aan werkgeheugen, waardoor je vloeiend met zware bestanden aan het werk gaat. Het 14 inch beeldscherm komt met een haarscherpe 4K (UHD) resolutie. Inloggen gaat veilig en snel via de infrarood camera met gezichtsherkenning. Zo weet je zeker dat er geen ongewenste bezoekers gebruik maken van je laptop. Een muziekje luisteren tijdens werk of geluidsbestanden bewerken in je video? Door de Dolby Atmos speakers klinkt je geluid scherper dan bij standaard luidsprekers.', 2, 1, 5, 3, 60, '14', '16GB', 'SSD', '2TB', '00000020.png'),
(21, 'L0423', '602.99', '71664762777506110483', 'Schrijf een Word verslag of videochat met vrienden en familie op de Lenovo L0423. Open een paar internet tabbladen tegelijkertijd dankzij 16GB werkgeheugen. Op een warme dag neem je de Lenovo mee naar de tuin. Je hebt geen last van zonlicht reflecties op het ontspiegelde beeldscherm. Via de Dolby Audio luidsprekers versta je iedereen duidelijk tijdens het Skypen of Zoomen. Even niet aan het videochatten? Schuif het klepje voor de webcam en werp een fysieke blokkade op voor potentiële meekijkers.', 1, 2, 3, 1, 120, '13.3', '16GB', 'HDD', '1TB', '00000021.png'),
(22, 'L2677', '1120.99', '66616601467527072086', 'Bewerk bedrijfsvideo\'s of filmprojecten en schrijf tegelijkertijd het script uit met de Lenovo L2677 17.3 inch laptop. De laptop is uitgerust met een AMD Ryzen 5 processor en 16GB aan werkgeheugen, waardoor je vloeiend met zware bestanden aan het werk gaat. Het 17.3 inch beeldscherm komt met een haarscherpe Quad HD (1440p) resolutie. Inloggen gaat veilig en snel via de infrarood camera met gezichtsherkenning. Zo weet je zeker dat er geen ongewenste bezoekers gebruik maken van je laptop. Een muziekje luisteren tijdens werk of geluidsbestanden bewerken in je video? Door de Dolby Atmos speakers klinkt je geluid scherper dan bij standaard luidsprekers.', 1, 5, 1, 2, 120, '17.3', '16GB', 'HDD', '4TB', '00000022.png'),
(23, 'D17002', '1985.99', '31432838030705517612', 'Bewerk video\'s en multitask overzichtelijk op het 15.6 inch beeldscherm van de Dell D17002. Daar is deze Dell met Intel Core i7 processor en 4GB werkgeheugen. Werk op een zonnige dag in jouw achtertuin verder. Het ontspiegelde beeldscherm zorgt ervoor dat je geen last hebt van vervelende lichtreflecties.', 5, 3, 1, 1, 144, '15.6', '4GB', 'SSD', '1TB', '00000023.png'),
(24, 'D31001', '724.99', '30108321446425743758', 'Bewerk video\'s en multitask overzichtelijk op het 15.6 inch beeldscherm van de Dell D31001. Daar is deze Dell met Intel Core i5 processor en 33GB werkgeheugen. Door de NVIDIA GeForce GTX 1660 ti videokaart renderen videoprojecten sneller en speel je simpele games als Minecraft en The Sims op deze laptop.', 5, 2, 2, 3, 144, '15.6', '33GB', 'HDD', '2TB', '00000024.png'),
(25, 'AHD-703', '620.99', '37843837220172050825', 'Bewerk bedrijfsvideo\'s of filmprojecten en schrijf tegelijkertijd het script uit met de Asus AHD-703 13.3 inch laptop. De laptop is uitgerust met een Intel Core i5 processor en 8GB aan werkgeheugen, waardoor je vloeiend met zware bestanden aan het werk gaat. Het 13.3 inch beeldscherm komt met een haarscherpe Full HD (1080p) resolutie. Inloggen gaat veilig en snel via de infrarood camera met gezichtsherkenning. Zo weet je zeker dat er geen ongewenste bezoekers gebruik maken van je laptop. Een muziekje luisteren tijdens werk of geluidsbestanden bewerken in je video? Door de Dolby Atmos speakers klinkt je geluid scherper dan bij standaard luidsprekers.', 2, 2, 4, 1, 120, '13.3', '8GB', 'SSD', '4TB', '00000025.png'),
(26, 'AFI-284', '790.99', '75708841335146750810', 'Speel games als Cyberpunk 2077 op bepaalde instellingen met hoge framerates op de Asus AFI-284. Daar is de NVIDIA GeForce RTX 2080 Super videokaart krachtig genoeg voor. In competitieve shooters ben je jouw tegenstanders altijd een stapje voor dankzij het 120 hertz beeldscherm. Je ziet op dit scherm tot wel 120 beelden per seconden, waardoor snelle gameplay soepel weergegeven wordt. Met een Intel Core i9 processor en 8GB werkgeheugen blijft het niet bij gamen alleen. Bewerk video\'s, stream gameplay naar Twitch of werk in meerdere programma\'s tegelijkertijd.', 2, 4, 4, 2, 120, '15.6', '8GB', 'SHDD', '1TB', '00000026.png'),
(27, 'D80000', '1818.99', '78760182865602726773', 'Speel games als Cyberpunk 2077 op bepaalde instellingen met hoge framerates op de Dell D80000. Daar is de NVIDIA GeForce RTX 2060 videokaart krachtig genoeg voor. In competitieve shooters ben je jouw tegenstanders altijd een stapje voor dankzij het 120 hertz beeldscherm. Je ziet op dit scherm tot wel 120 beelden per seconden, waardoor snelle gameplay soepel weergegeven wordt. Met een Intel Core i9 processor en 8GB werkgeheugen blijft het niet bij gamen alleen. Bewerk video\'s, stream gameplay naar Twitch of werk in meerdere programma\'s tegelijkertijd.', 5, 4, 3, 2, 120, '13.3', '8GB', 'SSD', '4TB', '00000027.png'),
(28, 'L0132', '847.99', '15478751871016113316', 'Speel games als Cyberpunk 2077 op bepaalde instellingen met hoge framerates op de Lenovo L0132. Daar is de NVIDIA GeForce RTX 3070 videokaart krachtig genoeg voor. In competitieve shooters ben je jouw tegenstanders altijd een stapje voor dankzij het 60 hertz beeldscherm. Je ziet op dit scherm tot wel 60 beelden per seconden, waardoor snelle gameplay soepel weergegeven wordt. Met een AMD Ryzen 5 processor en 33GB werkgeheugen blijft het niet bij gamen alleen. Bewerk video\'s, stream gameplay naar Twitch of werk in meerdere programma\'s tegelijkertijd.', 1, 5, 5, 3, 60, '17.3', '33GB', 'SSD', '1TB', '00000028.png'),
(29, 'L1136', '1685.99', '07367237645350200472', 'Bewerk video\'s en multitask overzichtelijk op het 12.5 inch beeldscherm van de Lenovo L1136. Daar is deze Lenovo met Intel Core i3 processor en 8GB werkgeheugen. Door de NVIDIA GeForce RTX 3070 videokaart renderen videoprojecten sneller en speel je simpele games als Minecraft en The Sims op deze laptop.', 1, 1, 5, 1, 60, '12.5', '8GB', 'SSD', '4TB', '00000029.png'),
(30, 'ASN13SX', '1384.99', '55826321067147353225', 'Bewerk video\'s en multitask overzichtelijk op het 13.3 inch beeldscherm van de Acer ASN13SX. Daar is deze Acer met Intel Core i9 processor en 8GB werkgeheugen. Door de NVIDIA GeForce RTX 2080 Super videokaart renderen videoprojecten sneller en speel je simpele games als Minecraft en The Sims op deze laptop.', 3, 4, 4, 2, 144, '13.3', '8GB', 'HDD', '1TB', '00000030.png'),
(31, 'AME83PM', '1241.99', '10651252631120121437', 'Schrijf een Word verslag of videochat met vrienden en familie op de Acer AME83PM. Open een paar internet tabbladen tegelijkertijd dankzij 16GB werkgeheugen. Op een warme dag neem je de Lenovo mee naar de tuin. Je hebt geen last van zonlicht reflecties op het ontspiegelde beeldscherm. Via de Dolby Audio luidsprekers versta je iedereen duidelijk tijdens het Skypen of Zoomen. Even niet aan het videochatten? Schuif het klepje voor de webcam en werp een fysieke blokkade op voor potentiële meekijkers.', 3, 2, 4, 3, 120, '11.6', '16GB', 'HDD', '1TB', '00000031.png'),
(32, 'D66001', '744.99', '12774477051666860440', 'Schrijf een Word verslag of videochat met vrienden en familie op de Dell D66001. Open een paar internet tabbladen tegelijkertijd dankzij 33GB werkgeheugen. Op een warme dag neem je de Lenovo mee naar de tuin. Je hebt geen last van zonlicht reflecties op het ontspiegelde beeldscherm. Via de Dolby Audio luidsprekers versta je iedereen duidelijk tijdens het Skypen of Zoomen. Even niet aan het videochatten? Schuif het klepje voor de webcam en werp een fysieke blokkade op voor potentiële meekijkers.', 5, 5, 2, 1, 120, '11.6', '33GB', 'SHDD', '2TB', '00000032.png'),
(33, 'D85001', '1233.99', '18453600433847615206', 'Speel games als Cyberpunk 2077 op bepaalde instellingen met hoge framerates op de Dell D85001. Daar is de NVIDIA GeForce RTX 2060 videokaart krachtig genoeg voor. In competitieve shooters ben je jouw tegenstanders altijd een stapje voor dankzij het 144 hertz beeldscherm. Je ziet op dit scherm tot wel 144 beelden per seconden, waardoor snelle gameplay soepel weergegeven wordt. Met een Intel Core i9 processor en 4GB werkgeheugen blijft het niet bij gamen alleen. Bewerk video\'s, stream gameplay naar Twitch of werk in meerdere programma\'s tegelijkertijd.', 5, 4, 3, 2, 144, '13.3', '4GB', 'SSD', '2TB', '00000033.png'),
(34, 'G67000', '1126.99', '46766548045401425112', 'Bewerk video\'s en multitask overzichtelijk op het 13.3 inch beeldscherm van de Gigabyte G67000. Daar is deze Gigabyte met AMD Ryzen 5 processor en 16GB werkgeheugen. Werk op een zonnige dag in jouw achtertuin verder. Het ontspiegelde beeldscherm zorgt ervoor dat je geen last hebt van vervelende lichtreflecties.', 6, 5, 2, 2, 60, '13.3', '16GB', 'HDD', '2TB', '00000034.png'),
(35, 'G37002', '926.99', '72341546401682288480', 'Speel games als Cyberpunk 2077 op bepaalde instellingen met hoge framerates op de Gigabyte G37002. Daar is de NVIDIA GeForce RTX 3080 videokaart krachtig genoeg voor. In competitieve shooters ben je jouw tegenstanders altijd een stapje voor dankzij het 144 hertz beeldscherm. Je ziet op dit scherm tot wel 144 beelden per seconden, waardoor snelle gameplay soepel weergegeven wordt. Met een AMD Ryzen 5 processor en 33GB werkgeheugen blijft het niet bij gamen alleen. Bewerk video\'s, stream gameplay naar Twitch of werk in meerdere programma\'s tegelijkertijd.', 6, 5, 6, 1, 144, '15.6', '33GB', 'SHDD', '500GB', '00000035.png'),
(36, 'D52000', '1270.99', '77062214358310738700', 'Bewerk video\'s en multitask overzichtelijk op het 15.6 inch beeldscherm van de Dell D52000. Daar is deze Dell met Intel Core i3 processor en 16GB werkgeheugen. Door de NVIDIA GeForce RTX 2080 Super videokaart renderen videoprojecten sneller en speel je simpele games als Minecraft en The Sims op deze laptop.', 5, 1, 4, 2, 60, '15.6', '16GB', 'HDD', '500GB', '00000036.png'),
(37, 'H2051', '1119.99', '72371185286347427523', 'Bewerk video\'s en multitask overzichtelijk op het 12.5 inch beeldscherm van de HP H2051. Daar is deze HP met Intel Core i3 processor en 4GB werkgeheugen. Werk op een zonnige dag in jouw achtertuin verder. Het ontspiegelde beeldscherm zorgt ervoor dat je geen last hebt van vervelende lichtreflecties.', 4, 1, 2, 3, 60, '12.5', '4GB', 'HDD', '500GB', '00000037.png'),
(38, 'AJN-532', '1214.99', '64031840367873216301', 'Schrijf een Word verslag of videochat met vrienden en familie op de Asus AJN-532. Open een paar internet tabbladen tegelijkertijd dankzij 4GB werkgeheugen. Op een warme dag neem je de Lenovo mee naar de tuin. Je hebt geen last van zonlicht reflecties op het ontspiegelde beeldscherm. Via de Dolby Audio luidsprekers versta je iedereen duidelijk tijdens het Skypen of Zoomen. Even niet aan het videochatten? Schuif het klepje voor de webcam en werp een fysieke blokkade op voor potentiële meekijkers.', 2, 3, 5, 2, 120, '13.3', '4GB', 'HDD', '1TB', '00000038.png'),
(39, 'D36004', '1864.99', '37233008530514323587', 'Bewerk bedrijfsvideo\'s of filmprojecten en schrijf tegelijkertijd het script uit met de Dell D36004 13.3 inch laptop. De laptop is uitgerust met een AMD Ryzen 5 processor en 8GB aan werkgeheugen, waardoor je vloeiend met zware bestanden aan het werk gaat. Het 13.3 inch beeldscherm komt met een haarscherpe 4K (UHD) resolutie. Inloggen gaat veilig en snel via de infrarood camera met gezichtsherkenning. Zo weet je zeker dat er geen ongewenste bezoekers gebruik maken van je laptop. Een muziekje luisteren tijdens werk of geluidsbestanden bewerken in je video? Door de Dolby Atmos speakers klinkt je geluid scherper dan bij standaard luidsprekers.', 5, 5, 4, 3, 60, '13.3', '8GB', 'SHDD', '2TB', '00000039.png'),
(40, 'D11006', '1975.99', '20577452500361635733', 'Bewerk bedrijfsvideo\'s of filmprojecten en schrijf tegelijkertijd het script uit met de Dell D11006 17.3 inch laptop. De laptop is uitgerust met een Intel Core i9 processor en 8GB aan werkgeheugen, waardoor je vloeiend met zware bestanden aan het werk gaat. Het 17.3 inch beeldscherm komt met een haarscherpe Quad HD (1440p) resolutie. Inloggen gaat veilig en snel via de infrarood camera met gezichtsherkenning. Zo weet je zeker dat er geen ongewenste bezoekers gebruik maken van je laptop. Een muziekje luisteren tijdens werk of geluidsbestanden bewerken in je video? Door de Dolby Atmos speakers klinkt je geluid scherper dan bij standaard luidsprekers.', 5, 4, 1, 2, 60, '17.3', '8GB', 'HDD', '1TB', '00000040.png'),
(41, 'D04007', '1610.99', '06664006460231007701', 'Bewerk video\'s en multitask overzichtelijk op het 13.3 inch beeldscherm van de Dell D04007. Daar is deze Dell met Intel Core i7 processor en 8GB werkgeheugen. Door de NVIDIA GeForce RTX 3070 videokaart renderen videoprojecten sneller en speel je simpele games als Minecraft en The Sims op deze laptop.', 5, 3, 5, 1, 60, '13.3', '8GB', 'SSD', '1TB', '00000041.png'),
(42, 'H7665', '620.99', '84112815037068658388', 'Schrijf een Word verslag of videochat met vrienden en familie op de HP H7665. Open een paar internet tabbladen tegelijkertijd dankzij 4GB werkgeheugen. Op een warme dag neem je de Lenovo mee naar de tuin. Je hebt geen last van zonlicht reflecties op het ontspiegelde beeldscherm. Via de Dolby Audio luidsprekers versta je iedereen duidelijk tijdens het Skypen of Zoomen. Even niet aan het videochatten? Schuif het klepje voor de webcam en werp een fysieke blokkade op voor potentiële meekijkers.', 4, 4, 1, 2, 120, '13.3', '4GB', 'SSD', '2TB', '00000042.png'),
(43, 'G21002', '1074.99', '72545878147077445328', 'Bewerk bedrijfsvideo\'s of filmprojecten en schrijf tegelijkertijd het script uit met de Gigabyte G21002 15.6 inch laptop. De laptop is uitgerust met een Intel Core i3 processor en 8GB aan werkgeheugen, waardoor je vloeiend met zware bestanden aan het werk gaat. Het 15.6 inch beeldscherm komt met een haarscherpe Full HD (1080p) resolutie. Inloggen gaat veilig en snel via de infrarood camera met gezichtsherkenning. Zo weet je zeker dat er geen ongewenste bezoekers gebruik maken van je laptop. Een muziekje luisteren tijdens werk of geluidsbestanden bewerken in je video? Door de Dolby Atmos speakers klinkt je geluid scherper dan bij standaard luidsprekers.', 6, 1, 5, 1, 144, '15.6', '8GB', 'SSD', '2TB', '00000043.png'),
(44, 'D51000', '1576.99', '03101525463835005772', 'Schrijf een Word verslag of videochat met vrienden en familie op de Dell D51000. Open een paar internet tabbladen tegelijkertijd dankzij 8GB werkgeheugen. Op een warme dag neem je de Lenovo mee naar de tuin. Je hebt geen last van zonlicht reflecties op het ontspiegelde beeldscherm. Via de Dolby Audio luidsprekers versta je iedereen duidelijk tijdens het Skypen of Zoomen. Even niet aan het videochatten? Schuif het klepje voor de webcam en werp een fysieke blokkade op voor potentiële meekijkers.', 5, 5, 1, 2, 144, '13.3', '8GB', 'SHDD', '1TB', '00000044.png'),
(45, 'AJW-637', '1716.99', '73360007064277751151', 'Bewerk video\'s en multitask overzichtelijk op het 17.3 inch beeldscherm van de Asus AJW-637. Daar is deze Asus met AMD Ryzen 5 processor en 16GB werkgeheugen. Door de NVIDIA GeForce RTX 3080 videokaart renderen videoprojecten sneller en speel je simpele games als Minecraft en The Sims op deze laptop.', 2, 5, 6, 1, 144, '17.3', '16GB', 'SHDD', '1TB', '00000045.png'),
(46, 'H4768', '840.99', '31350863581615435475', 'Speel games als Cyberpunk 2077 op bepaalde instellingen met hoge framerates op de HP H4768. Daar is de NVIDIA GeForce RTX 2080 Super videokaart krachtig genoeg voor. In competitieve shooters ben je jouw tegenstanders altijd een stapje voor dankzij het 144 hertz beeldscherm. Je ziet op dit scherm tot wel 144 beelden per seconden, waardoor snelle gameplay soepel weergegeven wordt. Met een Intel Core i3 processor en 8GB werkgeheugen blijft het niet bij gamen alleen. Bewerk video\'s, stream gameplay naar Twitch of werk in meerdere programma\'s tegelijkertijd.', 4, 1, 4, 2, 144, '15.6', '8GB', 'SSD', '1TB', '00000046.png'),
(47, 'G35002', '1917.99', '82180562242754610067', 'Bewerk video\'s en multitask overzichtelijk op het 17.3 inch beeldscherm van de Gigabyte G35002. Daar is deze Gigabyte met Intel Core i7 processor en 4GB werkgeheugen. Werk op een zonnige dag in jouw achtertuin verder. Het ontspiegelde beeldscherm zorgt ervoor dat je geen last hebt van vervelende lichtreflecties.', 6, 3, 2, 2, 60, '17.3', '4GB', 'SSD', '1TB', '00000047.png'),
(48, 'ABN82GS', '743.99', '61486465865777382846', 'Bewerk video\'s en multitask overzichtelijk op het 17.3 inch beeldscherm van de Acer ABN82GS. Daar is deze Acer met AMD Ryzen 5 processor en 8GB werkgeheugen. Door de NVIDIA GeForce GTX 1660 ti videokaart renderen videoprojecten sneller en speel je simpele games als Minecraft en The Sims op deze laptop.', 3, 5, 2, 2, 120, '17.3', '8GB', 'SHDD', '1TB', '00000048.png'),
(49, 'H8305', '638.99', '66510417751716466588', 'Schrijf een Word verslag of videochat met vrienden en familie op de HP H8305. Open een paar internet tabbladen tegelijkertijd dankzij 33GB werkgeheugen. Op een warme dag neem je de Lenovo mee naar de tuin. Je hebt geen last van zonlicht reflecties op het ontspiegelde beeldscherm. Via de Dolby Audio luidsprekers versta je iedereen duidelijk tijdens het Skypen of Zoomen. Even niet aan het videochatten? Schuif het klepje voor de webcam en werp een fysieke blokkade op voor potentiële meekijkers.', 4, 4, 4, 3, 144, '15.6', '33GB', 'SHDD', '1TB', '00000049.png'),
(50, 'H6865', '1299.99', '66455620422885534602', 'Bewerk video\'s en multitask overzichtelijk op het 13.3 inch beeldscherm van de HP H6865. Daar is deze HP met Intel Core i5 processor en 8GB werkgeheugen. Door de NVIDIA GeForce RTX 3070 videokaart renderen videoprojecten sneller en speel je simpele games als Minecraft en The Sims op deze laptop.', 4, 2, 5, 2, 144, '13.3', '8GB', 'SHDD', '4TB', '00000050.png'),
(51, 'D42005', '1837.99', '46865727334284102037', 'Bewerk video\'s en multitask overzichtelijk op het 14 inch beeldscherm van de Dell D42005. Daar is deze Dell met Intel Core i9 processor en 8GB werkgeheugen. Door de NVIDIA GeForce RTX 3080 videokaart renderen videoprojecten sneller en speel je simpele games als Minecraft en The Sims op deze laptop.', 5, 4, 6, 3, 120, '14', '8GB', 'HDD', '1TB', '00000051.png'),
(52, 'L1827', '1947.99', '05318051881875450354', 'Bewerk video\'s en multitask overzichtelijk op het 13.3 inch beeldscherm van de Lenovo L1827. Daar is deze Lenovo met Intel Core i7 processor en 4GB werkgeheugen. Door de NVIDIA GeForce RTX 3080 videokaart renderen videoprojecten sneller en speel je simpele games als Minecraft en The Sims op deze laptop.', 1, 3, 6, 3, 60, '13.3', '4GB', 'SHDD', '1TB', '00000052.png'),
(53, 'H6811', '735.99', '40841808875031827230', 'Bewerk bedrijfsvideo\'s of filmprojecten en schrijf tegelijkertijd het script uit met de HP H6811 11.6 inch laptop. De laptop is uitgerust met een Intel Core i9 processor en 4GB aan werkgeheugen, waardoor je vloeiend met zware bestanden aan het werk gaat. Het 11.6 inch beeldscherm komt met een haarscherpe Full HD (1080p) resolutie. Inloggen gaat veilig en snel via de infrarood camera met gezichtsherkenning. Zo weet je zeker dat er geen ongewenste bezoekers gebruik maken van je laptop. Een muziekje luisteren tijdens werk of geluidsbestanden bewerken in je video? Door de Dolby Atmos speakers klinkt je geluid scherper dan bij standaard luidsprekers.', 4, 4, 5, 1, 144, '11.6', '4GB', 'HDD', '2TB', '00000053.png'),
(54, 'G80006', '855.99', '56708206135810087108', 'Bewerk bedrijfsvideo\'s of filmprojecten en schrijf tegelijkertijd het script uit met de Gigabyte G80006 12.5 inch laptop. De laptop is uitgerust met een Intel Core i3 processor en 16GB aan werkgeheugen, waardoor je vloeiend met zware bestanden aan het werk gaat. Het 12.5 inch beeldscherm komt met een haarscherpe 4K (UHD) resolutie. Inloggen gaat veilig en snel via de infrarood camera met gezichtsherkenning. Zo weet je zeker dat er geen ongewenste bezoekers gebruik maken van je laptop. Een muziekje luisteren tijdens werk of geluidsbestanden bewerken in je video? Door de Dolby Atmos speakers klinkt je geluid scherper dan bij standaard luidsprekers.', 6, 1, 2, 3, 60, '12.5', '16GB', 'HDD', '2TB', '00000054.png'),
(55, 'H3816', '1014.99', '42678352618300056888', 'Bewerk video\'s en multitask overzichtelijk op het 17.3 inch beeldscherm van de HP H3816. Daar is deze HP met Intel Core i5 processor en 8GB werkgeheugen. Werk op een zonnige dag in jouw achtertuin verder. Het ontspiegelde beeldscherm zorgt ervoor dat je geen last hebt van vervelende lichtreflecties.', 4, 2, 5, 1, 60, '17.3', '8GB', 'SHDD', '4TB', '00000055.png'),
(56, 'H5275', '1734.99', '23212261385552676218', 'Bewerk bedrijfsvideo\'s of filmprojecten en schrijf tegelijkertijd het script uit met de HP H5275 13.3 inch laptop. De laptop is uitgerust met een Intel Core i5 processor en 4GB aan werkgeheugen, waardoor je vloeiend met zware bestanden aan het werk gaat. Het 13.3 inch beeldscherm komt met een haarscherpe 4K (UHD) resolutie. Inloggen gaat veilig en snel via de infrarood camera met gezichtsherkenning. Zo weet je zeker dat er geen ongewenste bezoekers gebruik maken van je laptop. Een muziekje luisteren tijdens werk of geluidsbestanden bewerken in je video? Door de Dolby Atmos speakers klinkt je geluid scherper dan bij standaard luidsprekers.', 4, 2, 6, 3, 144, '13.3', '4GB', 'HDD', '1TB', '00000056.png'),
(57, 'AXF13QF', '1663.99', '13284224184503044681', 'Speel games als Cyberpunk 2077 op bepaalde instellingen met hoge framerates op de Acer AXF13QF. Daar is de NVIDIA GeForce GTX 1650 videokaart krachtig genoeg voor. In competitieve shooters ben je jouw tegenstanders altijd een stapje voor dankzij het 120 hertz beeldscherm. Je ziet op dit scherm tot wel 120 beelden per seconden, waardoor snelle gameplay soepel weergegeven wordt. Met een Intel Core i9 processor en 8GB werkgeheugen blijft het niet bij gamen alleen. Bewerk video\'s, stream gameplay naar Twitch of werk in meerdere programma\'s tegelijkertijd.', 3, 4, 1, 2, 120, '11.6', '8GB', 'SHDD', '2TB', '00000057.png'),
(58, 'AEP56RL', '1509.99', '10127165430787616046', 'Schrijf een Word verslag of videochat met vrienden en familie op de Acer AEP56RL. Open een paar internet tabbladen tegelijkertijd dankzij 8GB werkgeheugen. Op een warme dag neem je de Lenovo mee naar de tuin. Je hebt geen last van zonlicht reflecties op het ontspiegelde beeldscherm. Via de Dolby Audio luidsprekers versta je iedereen duidelijk tijdens het Skypen of Zoomen. Even niet aan het videochatten? Schuif het klepje voor de webcam en werp een fysieke blokkade op voor potentiële meekijkers.', 3, 5, 4, 2, 144, '17.3', '8GB', 'SHDD', '500GB', '00000058.png'),
(59, 'AEP-516', '654.99', '25435636367400582706', 'Schrijf een Word verslag of videochat met vrienden en familie op de Asus AEP-516. Open een paar internet tabbladen tegelijkertijd dankzij 8GB werkgeheugen. Op een warme dag neem je de Lenovo mee naar de tuin. Je hebt geen last van zonlicht reflecties op het ontspiegelde beeldscherm. Via de Dolby Audio luidsprekers versta je iedereen duidelijk tijdens het Skypen of Zoomen. Even niet aan het videochatten? Schuif het klepje voor de webcam en werp een fysieke blokkade op voor potentiële meekijkers.', 2, 3, 5, 2, 120, '17.3', '8GB', 'SHDD', '1TB', '00000059.png'),
(60, 'G38000', '1325.99', '07337360380252060241', 'Bewerk bedrijfsvideo\'s of filmprojecten en schrijf tegelijkertijd het script uit met de Gigabyte G38000 13.3 inch laptop. De laptop is uitgerust met een Intel Core i5 processor en 4GB aan werkgeheugen, waardoor je vloeiend met zware bestanden aan het werk gaat. Het 13.3 inch beeldscherm komt met een haarscherpe Full HD (1080p) resolutie. Inloggen gaat veilig en snel via de infrarood camera met gezichtsherkenning. Zo weet je zeker dat er geen ongewenste bezoekers gebruik maken van je laptop. Een muziekje luisteren tijdens werk of geluidsbestanden bewerken in je video? Door de Dolby Atmos speakers klinkt je geluid scherper dan bij standaard luidsprekers.', 6, 2, 4, 1, 144, '13.3', '4GB', 'HDD', '4TB', '00000060.png'),
(61, 'G17006', '862.99', '34480088073738880601', 'Bewerk video\'s en multitask overzichtelijk op het 13.3 inch beeldscherm van de Gigabyte G17006. Daar is deze Gigabyte met Intel Core i3 processor en 4GB werkgeheugen. Door de NVIDIA GeForce GTX 1660 ti videokaart renderen videoprojecten sneller en speel je simpele games als Minecraft en The Sims op deze laptop.', 6, 1, 2, 1, 144, '13.3', '4GB', 'SSD', '1TB', '00000061.png'),
(62, 'D54007', '1652.99', '73506256768386828016', 'Bewerk video\'s en multitask overzichtelijk op het 14 inch beeldscherm van de Dell D54007. Daar is deze Dell met Intel Core i3 processor en 4GB werkgeheugen. Door de NVIDIA GeForce RTX 2060 videokaart renderen videoprojecten sneller en speel je simpele games als Minecraft en The Sims op deze laptop.', 5, 1, 3, 1, 144, '14', '4GB', 'SHDD', '500GB', '00000062.png'),
(63, 'G05003', '894.99', '34121760140638262505', 'Bewerk video\'s en multitask overzichtelijk op het 11.6 inch beeldscherm van de Gigabyte G05003. Daar is deze Gigabyte met Intel Core i5 processor en 8GB werkgeheugen. Werk op een zonnige dag in jouw achtertuin verder. Het ontspiegelde beeldscherm zorgt ervoor dat je geen last hebt van vervelende lichtreflecties.', 6, 2, 3, 2, 144, '11.6', '8GB', 'HDD', '2TB', '00000063.png'),
(64, 'L2000', '1400.99', '77281505856113588714', 'Bewerk bedrijfsvideo\'s of filmprojecten en schrijf tegelijkertijd het script uit met de Lenovo L2000 14 inch laptop. De laptop is uitgerust met een Intel Core i9 processor en 4GB aan werkgeheugen, waardoor je vloeiend met zware bestanden aan het werk gaat. Het 14 inch beeldscherm komt met een haarscherpe Quad HD (1440p) resolutie. Inloggen gaat veilig en snel via de infrarood camera met gezichtsherkenning. Zo weet je zeker dat er geen ongewenste bezoekers gebruik maken van je laptop. Een muziekje luisteren tijdens werk of geluidsbestanden bewerken in je video? Door de Dolby Atmos speakers klinkt je geluid scherper dan bij standaard luidsprekers.', 1, 4, 2, 2, 144, '14', '4GB', 'SSD', '1TB', '00000064.png'),
(65, 'ARQ-238', '1739.99', '74421607473257854477', 'Bewerk bedrijfsvideo\'s of filmprojecten en schrijf tegelijkertijd het script uit met de Asus ARQ-238 12.5 inch laptop. De laptop is uitgerust met een Intel Core i3 processor en 16GB aan werkgeheugen, waardoor je vloeiend met zware bestanden aan het werk gaat. Het 12.5 inch beeldscherm komt met een haarscherpe Full HD (1080p) resolutie. Inloggen gaat veilig en snel via de infrarood camera met gezichtsherkenning. Zo weet je zeker dat er geen ongewenste bezoekers gebruik maken van je laptop. Een muziekje luisteren tijdens werk of geluidsbestanden bewerken in je video? Door de Dolby Atmos speakers klinkt je geluid scherper dan bij standaard luidsprekers.', 2, 1, 1, 1, 120, '12.5', '16GB', 'SSD', '4TB', '00000065.png'),
(66, 'H7807', '1338.99', '80613556810606424752', 'Bewerk bedrijfsvideo\'s of filmprojecten en schrijf tegelijkertijd het script uit met de HP H7807 15.6 inch laptop. De laptop is uitgerust met een AMD Ryzen 5 processor en 8GB aan werkgeheugen, waardoor je vloeiend met zware bestanden aan het werk gaat. Het 15.6 inch beeldscherm komt met een haarscherpe 4K (UHD) resolutie. Inloggen gaat veilig en snel via de infrarood camera met gezichtsherkenning. Zo weet je zeker dat er geen ongewenste bezoekers gebruik maken van je laptop. Een muziekje luisteren tijdens werk of geluidsbestanden bewerken in je video? Door de Dolby Atmos speakers klinkt je geluid scherper dan bij standaard luidsprekers.', 4, 5, 5, 3, 120, '15.6', '8GB', 'SSD', '2TB', '00000066.png'),
(67, 'D26007', '1024.99', '75813076763007382533', 'Bewerk video\'s en multitask overzichtelijk op het 12.5 inch beeldscherm van de Dell D26007. Daar is deze Dell met Intel Core i7 processor en 33GB werkgeheugen. Werk op een zonnige dag in jouw achtertuin verder. Het ontspiegelde beeldscherm zorgt ervoor dat je geen last hebt van vervelende lichtreflecties.', 5, 3, 3, 2, 60, '12.5', '33GB', 'SSD', '4TB', '00000067.png'),
(68, 'G65004', '1099.99', '05233275652653383273', 'Bewerk video\'s en multitask overzichtelijk op het 13.3 inch beeldscherm van de Gigabyte G65004. Daar is deze Gigabyte met Intel Core i9 processor en 33GB werkgeheugen. Werk op een zonnige dag in jouw achtertuin verder. Het ontspiegelde beeldscherm zorgt ervoor dat je geen last hebt van vervelende lichtreflecties.', 6, 4, 3, 3, 120, '13.3', '33GB', 'SHDD', '1TB', '00000068.png'),
(69, 'G54001', '848.99', '35038825121764347634', 'Schrijf een Word verslag of videochat met vrienden en familie op de Gigabyte G54001. Open een paar internet tabbladen tegelijkertijd dankzij 16GB werkgeheugen. Op een warme dag neem je de Lenovo mee naar de tuin. Je hebt geen last van zonlicht reflecties op het ontspiegelde beeldscherm. Via de Dolby Audio luidsprekers versta je iedereen duidelijk tijdens het Skypen of Zoomen. Even niet aan het videochatten? Schuif het klepje voor de webcam en werp een fysieke blokkade op voor potentiële meekijkers.', 6, 1, 1, 3, 144, '14', '16GB', 'HDD', '2TB', '00000069.png'),
(70, 'H2386', '1989.99', '14044125358623562652', 'Schrijf een Word verslag of videochat met vrienden en familie op de HP H2386. Open een paar internet tabbladen tegelijkertijd dankzij 4GB werkgeheugen. Op een warme dag neem je de Lenovo mee naar de tuin. Je hebt geen last van zonlicht reflecties op het ontspiegelde beeldscherm. Via de Dolby Audio luidsprekers versta je iedereen duidelijk tijdens het Skypen of Zoomen. Even niet aan het videochatten? Schuif het klepje voor de webcam en werp een fysieke blokkade op voor potentiële meekijkers.', 4, 4, 5, 2, 60, '14', '4GB', 'SSD', '500GB', '00000070.png'),
(71, 'H7873', '711.99', '82468506121487180431', 'Speel games als Cyberpunk 2077 op bepaalde instellingen met hoge framerates op de HP H7873. Daar is de NVIDIA GeForce RTX 2080 Super videokaart krachtig genoeg voor. In competitieve shooters ben je jouw tegenstanders altijd een stapje voor dankzij het 144 hertz beeldscherm. Je ziet op dit scherm tot wel 144 beelden per seconden, waardoor snelle gameplay soepel weergegeven wordt. Met een Intel Core i3 processor en 8GB werkgeheugen blijft het niet bij gamen alleen. Bewerk video\'s, stream gameplay naar Twitch of werk in meerdere programma\'s tegelijkertijd.', 4, 1, 4, 2, 144, '13.3', '8GB', 'SSD', '500GB', '00000071.png'),
(72, 'G26007', '1357.99', '05280155214165665148', 'Bewerk video\'s en multitask overzichtelijk op het 13.3 inch beeldscherm van de Gigabyte G26007. Daar is deze Gigabyte met Intel Core i5 processor en 33GB werkgeheugen. Door de NVIDIA GeForce RTX 3080 videokaart renderen videoprojecten sneller en speel je simpele games als Minecraft en The Sims op deze laptop.', 6, 2, 6, 2, 144, '13.3', '33GB', 'HDD', '500GB', '00000072.png'),
(73, 'ANW-658', '1720.99', '55261833085331605517', 'Schrijf een Word verslag of videochat met vrienden en familie op de Asus ANW-658. Open een paar internet tabbladen tegelijkertijd dankzij 33GB werkgeheugen. Op een warme dag neem je de Lenovo mee naar de tuin. Je hebt geen last van zonlicht reflecties op het ontspiegelde beeldscherm. Via de Dolby Audio luidsprekers versta je iedereen duidelijk tijdens het Skypen of Zoomen. Even niet aan het videochatten? Schuif het klepje voor de webcam en werp een fysieke blokkade op voor potentiële meekijkers.', 2, 2, 4, 1, 60, '13.3', '33GB', 'HDD', '2TB', '00000073.png'),
(74, 'H6230', '1155.99', '75530228772388326006', 'Schrijf een Word verslag of videochat met vrienden en familie op de HP H6230. Open een paar internet tabbladen tegelijkertijd dankzij 33GB werkgeheugen. Op een warme dag neem je de Lenovo mee naar de tuin. Je hebt geen last van zonlicht reflecties op het ontspiegelde beeldscherm. Via de Dolby Audio luidsprekers versta je iedereen duidelijk tijdens het Skypen of Zoomen. Even niet aan het videochatten? Schuif het klepje voor de webcam en werp een fysieke blokkade op voor potentiële meekijkers.', 4, 3, 4, 1, 60, '14', '33GB', 'HDD', '500GB', '00000074.png'),
(75, 'AWL84SA', '1393.99', '44358885367530365655', 'Speel games als Cyberpunk 2077 op bepaalde instellingen met hoge framerates op de Acer AWL84SA. Daar is de NVIDIA GeForce GTX 1660 ti videokaart krachtig genoeg voor. In competitieve shooters ben je jouw tegenstanders altijd een stapje voor dankzij het 120 hertz beeldscherm. Je ziet op dit scherm tot wel 120 beelden per seconden, waardoor snelle gameplay soepel weergegeven wordt. Met een Intel Core i3 processor en 16GB werkgeheugen blijft het niet bij gamen alleen. Bewerk video\'s, stream gameplay naar Twitch of werk in meerdere programma\'s tegelijkertijd.', 3, 1, 2, 3, 120, '11.6', '16GB', 'SHDD', '2TB', '00000075.png'),
(76, 'L7877', '1483.99', '17037545217486877601', 'Schrijf een Word verslag of videochat met vrienden en familie op de Lenovo L7877. Open een paar internet tabbladen tegelijkertijd dankzij 4GB werkgeheugen. Op een warme dag neem je de Lenovo mee naar de tuin. Je hebt geen last van zonlicht reflecties op het ontspiegelde beeldscherm. Via de Dolby Audio luidsprekers versta je iedereen duidelijk tijdens het Skypen of Zoomen. Even niet aan het videochatten? Schuif het klepje voor de webcam en werp een fysieke blokkade op voor potentiële meekijkers.', 1, 5, 1, 2, 60, '17.3', '4GB', 'SSD', '1TB', '00000076.png'),
(77, 'H1515', '1330.99', '62016641353085672222', 'Speel games als Cyberpunk 2077 op bepaalde instellingen met hoge framerates op de HP H1515. Daar is de NVIDIA GeForce GTX 1660 ti videokaart krachtig genoeg voor. In competitieve shooters ben je jouw tegenstanders altijd een stapje voor dankzij het 120 hertz beeldscherm. Je ziet op dit scherm tot wel 120 beelden per seconden, waardoor snelle gameplay soepel weergegeven wordt. Met een Intel Core i9 processor en 4GB werkgeheugen blijft het niet bij gamen alleen. Bewerk video\'s, stream gameplay naar Twitch of werk in meerdere programma\'s tegelijkertijd.', 4, 4, 2, 3, 120, '14', '4GB', 'SHDD', '1TB', '00000077.png'),
(78, 'D50001', '1490.99', '77612853835543745612', 'Bewerk video\'s en multitask overzichtelijk op het 12.5 inch beeldscherm van de Dell D50001. Daar is deze Dell met Intel Core i5 processor en 4GB werkgeheugen. Werk op een zonnige dag in jouw achtertuin verder. Het ontspiegelde beeldscherm zorgt ervoor dat je geen last hebt van vervelende lichtreflecties.', 5, 2, 3, 1, 120, '12.5', '4GB', 'SSD', '4TB', '00000078.png'),
(79, 'G00008', '624.99', '82874557413803748005', 'Bewerk video\'s en multitask overzichtelijk op het 14 inch beeldscherm van de Gigabyte G00008. Daar is deze Gigabyte met Intel Core i5 processor en 8GB werkgeheugen. Door de NVIDIA GeForce RTX 2060 videokaart renderen videoprojecten sneller en speel je simpele games als Minecraft en The Sims op deze laptop.', 6, 2, 3, 1, 144, '14', '8GB', 'SSD', '1TB', '00000079.png'),
(80, 'ASY-101', '1151.99', '36536458841087736603', 'Bewerk video\'s en multitask overzichtelijk op het 12.5 inch beeldscherm van de Asus ASY-101. Daar is deze Asus met AMD Ryzen 5 processor en 33GB werkgeheugen. Werk op een zonnige dag in jouw achtertuin verder. Het ontspiegelde beeldscherm zorgt ervoor dat je geen last hebt van vervelende lichtreflecties.', 2, 5, 1, 1, 60, '12.5', '33GB', 'SHDD', '1TB', '00000080.png'),
(81, 'G06008', '921.99', '75317227803701184404', 'Speel games als Cyberpunk 2077 op bepaalde instellingen met hoge framerates op de Gigabyte G06008. Daar is de NVIDIA GeForce RTX 3070 videokaart krachtig genoeg voor. In competitieve shooters ben je jouw tegenstanders altijd een stapje voor dankzij het 120 hertz beeldscherm. Je ziet op dit scherm tot wel 120 beelden per seconden, waardoor snelle gameplay soepel weergegeven wordt. Met een Intel Core i9 processor en 8GB werkgeheugen blijft het niet bij gamen alleen. Bewerk video\'s, stream gameplay naar Twitch of werk in meerdere programma\'s tegelijkertijd.', 6, 4, 5, 1, 120, '15.6', '8GB', 'SSD', '1TB', '00000081.png'),
(82, 'D86002', '738.99', '26710874125013152308', 'Bewerk bedrijfsvideo\'s of filmprojecten en schrijf tegelijkertijd het script uit met de Dell D86002 14 inch laptop. De laptop is uitgerust met een Intel Core i9 processor en 4GB aan werkgeheugen, waardoor je vloeiend met zware bestanden aan het werk gaat. Het 14 inch beeldscherm komt met een haarscherpe Quad HD (1440p) resolutie. Inloggen gaat veilig en snel via de infrarood camera met gezichtsherkenning. Zo weet je zeker dat er geen ongewenste bezoekers gebruik maken van je laptop. Een muziekje luisteren tijdens werk of geluidsbestanden bewerken in je video? Door de Dolby Atmos speakers klinkt je geluid scherper dan bij standaard luidsprekers.', 5, 4, 5, 2, 120, '14', '4GB', 'SSD', '4TB', '00000082.png'),
(83, 'G51005', '1025.99', '51758010118030602756', 'Schrijf een Word verslag of videochat met vrienden en familie op de Gigabyte G51005. Open een paar internet tabbladen tegelijkertijd dankzij 4GB werkgeheugen. Op een warme dag neem je de Lenovo mee naar de tuin. Je hebt geen last van zonlicht reflecties op het ontspiegelde beeldscherm. Via de Dolby Audio luidsprekers versta je iedereen duidelijk tijdens het Skypen of Zoomen. Even niet aan het videochatten? Schuif het klepje voor de webcam en werp een fysieke blokkade op voor potentiële meekijkers.', 6, 5, 6, 1, 120, '14', '4GB', 'SHDD', '1TB', '00000083.png'),
(84, 'G50006', '811.99', '33266562435812511470', 'Bewerk bedrijfsvideo\'s of filmprojecten en schrijf tegelijkertijd het script uit met de Gigabyte G50006 13.3 inch laptop. De laptop is uitgerust met een Intel Core i7 processor en 16GB aan werkgeheugen, waardoor je vloeiend met zware bestanden aan het werk gaat. Het 13.3 inch beeldscherm komt met een haarscherpe Quad HD (1440p) resolutie. Inloggen gaat veilig en snel via de infrarood camera met gezichtsherkenning. Zo weet je zeker dat er geen ongewenste bezoekers gebruik maken van je laptop. Een muziekje luisteren tijdens werk of geluidsbestanden bewerken in je video? Door de Dolby Atmos speakers klinkt je geluid scherper dan bij standaard luidsprekers.', 6, 3, 6, 2, 120, '13.3', '16GB', 'SHDD', '1TB', '00000084.png'),
(85, 'AYO34EO', '1021.99', '60543473351464353550', 'Schrijf een Word verslag of videochat met vrienden en familie op de Acer AYO34EO. Open een paar internet tabbladen tegelijkertijd dankzij 8GB werkgeheugen. Op een warme dag neem je de Lenovo mee naar de tuin. Je hebt geen last van zonlicht reflecties op het ontspiegelde beeldscherm. Via de Dolby Audio luidsprekers versta je iedereen duidelijk tijdens het Skypen of Zoomen. Even niet aan het videochatten? Schuif het klepje voor de webcam en werp een fysieke blokkade op voor potentiële meekijkers.', 3, 1, 4, 2, 120, '14', '8GB', 'SHDD', '2TB', '00000085.png'),
(86, 'ANG-506', '810.99', '23512652100582884154', 'Bewerk video\'s en multitask overzichtelijk op het 13.3 inch beeldscherm van de Asus ANG-506. Daar is deze Asus met Intel Core i7 processor en 16GB werkgeheugen. Werk op een zonnige dag in jouw achtertuin verder. Het ontspiegelde beeldscherm zorgt ervoor dat je geen last hebt van vervelende lichtreflecties.', 2, 3, 2, 2, 144, '13.3', '16GB', 'HDD', '1TB', '00000086.png'),
(87, 'AQB-677', '1990.99', '12584078162086150826', 'Bewerk video\'s en multitask overzichtelijk op het 12.5 inch beeldscherm van de Asus AQB-677. Daar is deze Asus met Intel Core i9 processor en 8GB werkgeheugen. Door de NVIDIA GeForce RTX 2060 videokaart renderen videoprojecten sneller en speel je simpele games als Minecraft en The Sims op deze laptop.', 2, 4, 3, 1, 144, '12.5', '8GB', 'SSD', '1TB', '00000087.png'),
(88, 'D45003', '976.99', '65511481888816701042', 'Bewerk bedrijfsvideo\'s of filmprojecten en schrijf tegelijkertijd het script uit met de Dell D45003 11.6 inch laptop. De laptop is uitgerust met een Intel Core i3 processor en 33GB aan werkgeheugen, waardoor je vloeiend met zware bestanden aan het werk gaat. Het 11.6 inch beeldscherm komt met een haarscherpe Full HD (1080p) resolutie. Inloggen gaat veilig en snel via de infrarood camera met gezichtsherkenning. Zo weet je zeker dat er geen ongewenste bezoekers gebruik maken van je laptop. Een muziekje luisteren tijdens werk of geluidsbestanden bewerken in je video? Door de Dolby Atmos speakers klinkt je geluid scherper dan bij standaard luidsprekers.', 5, 1, 2, 1, 60, '11.6', '33GB', 'SSD', '1TB', '00000088.png'),
(89, 'AFN57PA', '1017.99', '08316613631745767008', 'Schrijf een Word verslag of videochat met vrienden en familie op de Acer AFN57PA. Open een paar internet tabbladen tegelijkertijd dankzij 33GB werkgeheugen. Op een warme dag neem je de Lenovo mee naar de tuin. Je hebt geen last van zonlicht reflecties op het ontspiegelde beeldscherm. Via de Dolby Audio luidsprekers versta je iedereen duidelijk tijdens het Skypen of Zoomen. Even niet aan het videochatten? Schuif het klepje voor de webcam en werp een fysieke blokkade op voor potentiële meekijkers.', 3, 4, 5, 3, 60, '14', '33GB', 'SHDD', '500GB', '00000089.png'),
(90, 'ALM40QC', '1663.99', '12432327571106317526', 'Bewerk bedrijfsvideo\'s of filmprojecten en schrijf tegelijkertijd het script uit met de Acer ALM40QC 11.6 inch laptop. De laptop is uitgerust met een Intel Core i5 processor en 16GB aan werkgeheugen, waardoor je vloeiend met zware bestanden aan het werk gaat. Het 11.6 inch beeldscherm komt met een haarscherpe Quad HD (1440p) resolutie. Inloggen gaat veilig en snel via de infrarood camera met gezichtsherkenning. Zo weet je zeker dat er geen ongewenste bezoekers gebruik maken van je laptop. Een muziekje luisteren tijdens werk of geluidsbestanden bewerken in je video? Door de Dolby Atmos speakers klinkt je geluid scherper dan bij standaard luidsprekers.', 3, 2, 4, 2, 144, '11.6', '16GB', 'HDD', '2TB', '00000090.png'),
(91, 'AUF-367', '1743.99', '26477108418426131315', 'Bewerk bedrijfsvideo\'s of filmprojecten en schrijf tegelijkertijd het script uit met de Asus AUF-367 14 inch laptop. De laptop is uitgerust met een Intel Core i9 processor en 4GB aan werkgeheugen, waardoor je vloeiend met zware bestanden aan het werk gaat. Het 14 inch beeldscherm komt met een haarscherpe Quad HD (1440p) resolutie. Inloggen gaat veilig en snel via de infrarood camera met gezichtsherkenning. Zo weet je zeker dat er geen ongewenste bezoekers gebruik maken van je laptop. Een muziekje luisteren tijdens werk of geluidsbestanden bewerken in je video? Door de Dolby Atmos speakers klinkt je geluid scherper dan bij standaard luidsprekers.', 2, 4, 4, 2, 60, '14', '4GB', 'SHDD', '2TB', '00000091.png'),
(92, 'H8688', '1852.99', '68017671571473047168', 'Speel games als Cyberpunk 2077 op bepaalde instellingen met hoge framerates op de HP H8688. Daar is de NVIDIA GeForce RTX 3080 videokaart krachtig genoeg voor. In competitieve shooters ben je jouw tegenstanders altijd een stapje voor dankzij het 120 hertz beeldscherm. Je ziet op dit scherm tot wel 120 beelden per seconden, waardoor snelle gameplay soepel weergegeven wordt. Met een AMD Ryzen 5 processor en 4GB werkgeheugen blijft het niet bij gamen alleen. Bewerk video\'s, stream gameplay naar Twitch of werk in meerdere programma\'s tegelijkertijd.', 4, 5, 6, 1, 120, '11.6', '4GB', 'HDD', '1TB', '00000092.png'),
(93, 'G86007', '1603.99', '48406816141707162683', 'Bewerk video\'s en multitask overzichtelijk op het 11.6 inch beeldscherm van de Gigabyte G86007. Daar is deze Gigabyte met AMD Ryzen 5 processor en 4GB werkgeheugen. Door de NVIDIA GeForce GTX 1650 videokaart renderen videoprojecten sneller en speel je simpele games als Minecraft en The Sims op deze laptop.', 6, 5, 1, 3, 60, '11.6', '4GB', 'SSD', '1TB', '00000093.png'),
(94, 'APJ-612', '1359.99', '36727617006716456333', 'Speel games als Cyberpunk 2077 op bepaalde instellingen met hoge framerates op de Asus APJ-612. Daar is de NVIDIA GeForce RTX 2080 Super videokaart krachtig genoeg voor. In competitieve shooters ben je jouw tegenstanders altijd een stapje voor dankzij het 60 hertz beeldscherm. Je ziet op dit scherm tot wel 60 beelden per seconden, waardoor snelle gameplay soepel weergegeven wordt. Met een Intel Core i9 processor en 16GB werkgeheugen blijft het niet bij gamen alleen. Bewerk video\'s, stream gameplay naar Twitch of werk in meerdere programma\'s tegelijkertijd.', 2, 4, 4, 2, 60, '17.3', '16GB', 'SSD', '2TB', '00000094.png'),
(95, 'H6102', '1539.99', '00508337466017732360', 'Speel games als Cyberpunk 2077 op bepaalde instellingen met hoge framerates op de HP H6102. Daar is de NVIDIA GeForce RTX 3080 videokaart krachtig genoeg voor. In competitieve shooters ben je jouw tegenstanders altijd een stapje voor dankzij het 120 hertz beeldscherm. Je ziet op dit scherm tot wel 120 beelden per seconden, waardoor snelle gameplay soepel weergegeven wordt. Met een Intel Core i3 processor en 4GB werkgeheugen blijft het niet bij gamen alleen. Bewerk video\'s, stream gameplay naar Twitch of werk in meerdere programma\'s tegelijkertijd.', 4, 1, 6, 3, 120, '12.5', '4GB', 'HDD', '2TB', '00000095.png'),
(96, 'H6680', '653.99', '22612051272611765734', 'Bewerk bedrijfsvideo\'s of filmprojecten en schrijf tegelijkertijd het script uit met de HP H6680 13.3 inch laptop. De laptop is uitgerust met een Intel Core i3 processor en 33GB aan werkgeheugen, waardoor je vloeiend met zware bestanden aan het werk gaat. Het 13.3 inch beeldscherm komt met een haarscherpe 4K (UHD) resolutie. Inloggen gaat veilig en snel via de infrarood camera met gezichtsherkenning. Zo weet je zeker dat er geen ongewenste bezoekers gebruik maken van je laptop. Een muziekje luisteren tijdens werk of geluidsbestanden bewerken in je video? Door de Dolby Atmos speakers klinkt je geluid scherper dan bij standaard luidsprekers.', 4, 1, 5, 3, 120, '13.3', '33GB', 'SHDD', '1TB', '00000096.png'),
(97, 'D00000', '731.99', '58074477406662531473', 'Bewerk bedrijfsvideo\'s of filmprojecten en schrijf tegelijkertijd het script uit met de Dell D00000 13.3 inch laptop. De laptop is uitgerust met een Intel Core i3 processor en 16GB aan werkgeheugen, waardoor je vloeiend met zware bestanden aan het werk gaat. Het 13.3 inch beeldscherm komt met een haarscherpe 4K (UHD) resolutie. Inloggen gaat veilig en snel via de infrarood camera met gezichtsherkenning. Zo weet je zeker dat er geen ongewenste bezoekers gebruik maken van je laptop. Een muziekje luisteren tijdens werk of geluidsbestanden bewerken in je video? Door de Dolby Atmos speakers klinkt je geluid scherper dan bij standaard luidsprekers.', 5, 1, 1, 3, 144, '13.3', '16GB', 'HDD', '4TB', '00000097.png'),
(98, 'ATQ44QW', '929.99', '40327057775206678320', 'Bewerk bedrijfsvideo\'s of filmprojecten en schrijf tegelijkertijd het script uit met de Acer ATQ44QW 17.3 inch laptop. De laptop is uitgerust met een Intel Core i9 processor en 16GB aan werkgeheugen, waardoor je vloeiend met zware bestanden aan het werk gaat. Het 17.3 inch beeldscherm komt met een haarscherpe 4K (UHD) resolutie. Inloggen gaat veilig en snel via de infrarood camera met gezichtsherkenning. Zo weet je zeker dat er geen ongewenste bezoekers gebruik maken van je laptop. Een muziekje luisteren tijdens werk of geluidsbestanden bewerken in je video? Door de Dolby Atmos speakers klinkt je geluid scherper dan bij standaard luidsprekers.', 3, 4, 5, 3, 120, '17.3', '16GB', 'SSD', '1TB', '00000098.png'),
(99, 'APJ-608', '1269.99', '20245024683304843788', 'Bewerk video\'s en multitask overzichtelijk op het 11.6 inch beeldscherm van de Asus APJ-608. Daar is deze Asus met Intel Core i3 processor en 4GB werkgeheugen. Door de NVIDIA GeForce RTX 3070 videokaart renderen videoprojecten sneller en speel je simpele games als Minecraft en The Sims op deze laptop.', 2, 1, 5, 2, 120, '11.6', '4GB', 'SSD', '1TB', '00000099.png'),
(100, 'AYI50KN', '1545.99', '60317163000760265140', 'Schrijf een Word verslag of videochat met vrienden en familie op de Acer AYI50KN. Open een paar internet tabbladen tegelijkertijd dankzij 16GB werkgeheugen. Op een warme dag neem je de Lenovo mee naar de tuin. Je hebt geen last van zonlicht reflecties op het ontspiegelde beeldscherm. Via de Dolby Audio luidsprekers versta je iedereen duidelijk tijdens het Skypen of Zoomen. Even niet aan het videochatten? Schuif het klepje voor de webcam en werp een fysieke blokkade op voor potentiële meekijkers.', 3, 1, 5, 2, 144, '15.6', '16GB', 'SHDD', '1TB', '00000100.png'),
(101, 'L5616', '950.99', '46642067676550541820', 'Bewerk video\'s en multitask overzichtelijk op het 13.3 inch beeldscherm van de Lenovo L5616. Daar is deze Lenovo met AMD Ryzen 5 processor en 8GB werkgeheugen. Werk op een zonnige dag in jouw achtertuin verder. Het ontspiegelde beeldscherm zorgt ervoor dat je geen last hebt van vervelende lichtreflecties.', 1, 5, 6, 1, 144, '13.3', '8GB', 'SSD', '1TB', '00000101.png'),
(102, 'G58006', '1039.99', '51247203286142102218', 'Speel games als Cyberpunk 2077 op bepaalde instellingen met hoge framerates op de Gigabyte G58006. Daar is de NVIDIA GeForce RTX 3070 videokaart krachtig genoeg voor. In competitieve shooters ben je jouw tegenstanders altijd een stapje voor dankzij het 60 hertz beeldscherm. Je ziet op dit scherm tot wel 60 beelden per seconden, waardoor snelle gameplay soepel weergegeven wordt. Met een Intel Core i3 processor en 33GB werkgeheugen blijft het niet bij gamen alleen. Bewerk video\'s, stream gameplay naar Twitch of werk in meerdere programma\'s tegelijkertijd.', 6, 1, 5, 2, 60, '15.6', '33GB', 'HDD', '500GB', '00000102.png'),
(103, 'D05005', '935.99', '58830513038162046326', 'Bewerk video\'s en multitask overzichtelijk op het 15.6 inch beeldscherm van de Dell D05005. Daar is deze Dell met Intel Core i9 processor en 4GB werkgeheugen. Werk op een zonnige dag in jouw achtertuin verder. Het ontspiegelde beeldscherm zorgt ervoor dat je geen last hebt van vervelende lichtreflecties.', 5, 4, 4, 2, 60, '15.6', '4GB', 'HDD', '500GB', '00000103.png'),
(104, 'G15003', '1983.99', '72718708877726366311', 'Schrijf een Word verslag of videochat met vrienden en familie op de Gigabyte G15003. Open een paar internet tabbladen tegelijkertijd dankzij 33GB werkgeheugen. Op een warme dag neem je de Lenovo mee naar de tuin. Je hebt geen last van zonlicht reflecties op het ontspiegelde beeldscherm. Via de Dolby Audio luidsprekers versta je iedereen duidelijk tijdens het Skypen of Zoomen. Even niet aan het videochatten? Schuif het klepje voor de webcam en werp een fysieke blokkade op voor potentiële meekijkers.', 6, 3, 3, 3, 120, '12.5', '33GB', 'SHDD', '1TB', '00000104.png'),
(105, 'AWE75FT', '738.99', '16183301804778312818', 'Speel games als Cyberpunk 2077 op bepaalde instellingen met hoge framerates op de Acer AWE75FT. Daar is de NVIDIA GeForce RTX 3070 videokaart krachtig genoeg voor. In competitieve shooters ben je jouw tegenstanders altijd een stapje voor dankzij het 60 hertz beeldscherm. Je ziet op dit scherm tot wel 60 beelden per seconden, waardoor snelle gameplay soepel weergegeven wordt. Met een Intel Core i7 processor en 4GB werkgeheugen blijft het niet bij gamen alleen. Bewerk video\'s, stream gameplay naar Twitch of werk in meerdere programma\'s tegelijkertijd.', 3, 3, 5, 1, 60, '15.6', '4GB', 'SSD', '2TB', '00000105.png'),
(106, 'G01008', '884.99', '05802747888250456682', 'Bewerk video\'s en multitask overzichtelijk op het 14 inch beeldscherm van de Gigabyte G01008. Daar is deze Gigabyte met AMD Ryzen 5 processor en 4GB werkgeheugen. Werk op een zonnige dag in jouw achtertuin verder. Het ontspiegelde beeldscherm zorgt ervoor dat je geen last hebt van vervelende lichtreflecties.', 6, 5, 3, 3, 120, '14', '4GB', 'SHDD', '2TB', '00000106.png'),
(107, 'ALS-610', '1151.99', '88737340517730704678', 'Bewerk video\'s en multitask overzichtelijk op het 15.6 inch beeldscherm van de Asus ALS-610. Daar is deze Asus met AMD Ryzen 5 processor en 4GB werkgeheugen. Werk op een zonnige dag in jouw achtertuin verder. Het ontspiegelde beeldscherm zorgt ervoor dat je geen last hebt van vervelende lichtreflecties.', 2, 5, 6, 3, 144, '15.6', '4GB', 'SSD', '1TB', '00000107.png'),
(108, 'H2641', '1495.99', '44162784610301843864', 'Bewerk video\'s en multitask overzichtelijk op het 13.3 inch beeldscherm van de HP H2641. Daar is deze HP met AMD Ryzen 5 processor en 4GB werkgeheugen. Door de NVIDIA GeForce RTX 2080 Super videokaart renderen videoprojecten sneller en speel je simpele games als Minecraft en The Sims op deze laptop.', 4, 5, 4, 1, 60, '13.3', '4GB', 'SSD', '1TB', '00000108.png'),
(109, 'H8418', '1656.99', '77646868357326661302', 'Bewerk video\'s en multitask overzichtelijk op het 12.5 inch beeldscherm van de HP H8418. Daar is deze HP met Intel Core i3 processor en 33GB werkgeheugen. Werk op een zonnige dag in jouw achtertuin verder. Het ontspiegelde beeldscherm zorgt ervoor dat je geen last hebt van vervelende lichtreflecties.', 4, 1, 3, 3, 120, '12.5', '33GB', 'HDD', '2TB', '00000109.png'),
(110, 'H2836', '736.99', '62412007347413764003', 'Bewerk video\'s en multitask overzichtelijk op het 11.6 inch beeldscherm van de HP H2836. Daar is deze HP met Intel Core i3 processor en 8GB werkgeheugen. Werk op een zonnige dag in jouw achtertuin verder. Het ontspiegelde beeldscherm zorgt ervoor dat je geen last hebt van vervelende lichtreflecties.', 4, 1, 4, 1, 60, '11.6', '8GB', 'SSD', '1TB', '00000110.png'),
(111, 'H0840', '1631.99', '10274853637344525006', 'Schrijf een Word verslag of videochat met vrienden en familie op de HP H0840. Open een paar internet tabbladen tegelijkertijd dankzij 16GB werkgeheugen. Op een warme dag neem je de Lenovo mee naar de tuin. Je hebt geen last van zonlicht reflecties op het ontspiegelde beeldscherm. Via de Dolby Audio luidsprekers versta je iedereen duidelijk tijdens het Skypen of Zoomen. Even niet aan het videochatten? Schuif het klepje voor de webcam en werp een fysieke blokkade op voor potentiële meekijkers.', 4, 1, 5, 3, 60, '11.6', '16GB', 'HDD', '1TB', '00000111.png'),
(112, 'AFQ62FI', '908.99', '53784610860271237466', 'Bewerk video\'s en multitask overzichtelijk op het 12.5 inch beeldscherm van de Acer AFQ62FI. Daar is deze Acer met Intel Core i5 processor en 33GB werkgeheugen. Door de NVIDIA GeForce RTX 3080 videokaart renderen videoprojecten sneller en speel je simpele games als Minecraft en The Sims op deze laptop.', 3, 2, 6, 3, 120, '12.5', '33GB', 'HDD', '1TB', '00000112.png'),
(113, 'ASJ-114', '1277.99', '46615577442116802636', 'Bewerk video\'s en multitask overzichtelijk op het 12.5 inch beeldscherm van de Asus ASJ-114. Daar is deze Asus met Intel Core i9 processor en 16GB werkgeheugen. Door de NVIDIA GeForce RTX 2060 videokaart renderen videoprojecten sneller en speel je simpele games als Minecraft en The Sims op deze laptop.', 2, 4, 3, 1, 60, '12.5', '16GB', 'HDD', '1TB', '00000113.png'),
(114, 'AEL07UF', '1051.99', '65735721184688438272', 'Bewerk video\'s en multitask overzichtelijk op het 17.3 inch beeldscherm van de Acer AEL07UF. Daar is deze Acer met Intel Core i3 processor en 16GB werkgeheugen. Door de NVIDIA GeForce RTX 3080 videokaart renderen videoprojecten sneller en speel je simpele games als Minecraft en The Sims op deze laptop.', 3, 1, 6, 3, 120, '17.3', '16GB', 'HDD', '1TB', '00000114.png'),
(115, 'H1365', '1738.99', '56478431234863152102', 'Bewerk bedrijfsvideo\'s of filmprojecten en schrijf tegelijkertijd het script uit met de HP H1365 15.6 inch laptop. De laptop is uitgerust met een Intel Core i9 processor en 8GB aan werkgeheugen, waardoor je vloeiend met zware bestanden aan het werk gaat. Het 15.6 inch beeldscherm komt met een haarscherpe 4K (UHD) resolutie. Inloggen gaat veilig en snel via de infrarood camera met gezichtsherkenning. Zo weet je zeker dat er geen ongewenste bezoekers gebruik maken van je laptop. Een muziekje luisteren tijdens werk of geluidsbestanden bewerken in je video? Door de Dolby Atmos speakers klinkt je geluid scherper dan bij standaard luidsprekers.', 4, 4, 5, 3, 120, '15.6', '8GB', 'HDD', '1TB', '00000115.png'),
(116, 'G11002', '1626.99', '20624145367733164235', 'Bewerk bedrijfsvideo\'s of filmprojecten en schrijf tegelijkertijd het script uit met de Gigabyte G11002 14 inch laptop. De laptop is uitgerust met een Intel Core i3 processor en 33GB aan werkgeheugen, waardoor je vloeiend met zware bestanden aan het werk gaat. Het 14 inch beeldscherm komt met een haarscherpe Full HD (1080p) resolutie. Inloggen gaat veilig en snel via de infrarood camera met gezichtsherkenning. Zo weet je zeker dat er geen ongewenste bezoekers gebruik maken van je laptop. Een muziekje luisteren tijdens werk of geluidsbestanden bewerken in je video? Door de Dolby Atmos speakers klinkt je geluid scherper dan bij standaard luidsprekers.', 6, 1, 2, 1, 144, '14', '33GB', 'SHDD', '2TB', '00000116.png'),
(117, 'ATR-368', '1066.99', '01070083615861517750', 'Speel games als Cyberpunk 2077 op bepaalde instellingen met hoge framerates op de Asus ATR-368. Daar is de NVIDIA GeForce GTX 1660 ti videokaart krachtig genoeg voor. In competitieve shooters ben je jouw tegenstanders altijd een stapje voor dankzij het 60 hertz beeldscherm. Je ziet op dit scherm tot wel 60 beelden per seconden, waardoor snelle gameplay soepel weergegeven wordt. Met een Intel Core i3 processor en 33GB werkgeheugen blijft het niet bij gamen alleen. Bewerk video\'s, stream gameplay naar Twitch of werk in meerdere programma\'s tegelijkertijd.', 2, 1, 2, 3, 60, '12.5', '33GB', 'SSD', '500GB', '00000117.png'),
(118, 'ABG34CT', '1141.99', '83687387222305536312', 'Speel games als Cyberpunk 2077 op bepaalde instellingen met hoge framerates op de Acer ABG34CT. Daar is de NVIDIA GeForce RTX 3080 videokaart krachtig genoeg voor. In competitieve shooters ben je jouw tegenstanders altijd een stapje voor dankzij het 144 hertz beeldscherm. Je ziet op dit scherm tot wel 144 beelden per seconden, waardoor snelle gameplay soepel weergegeven wordt. Met een Intel Core i5 processor en 8GB werkgeheugen blijft het niet bij gamen alleen. Bewerk video\'s, stream gameplay naar Twitch of werk in meerdere programma\'s tegelijkertijd.', 3, 2, 6, 3, 144, '13.3', '8GB', 'SHDD', '2TB', '00000118.png'),
(119, 'G36007', '720.99', '62657685817620521654', 'Schrijf een Word verslag of videochat met vrienden en familie op de Gigabyte G36007. Open een paar internet tabbladen tegelijkertijd dankzij 33GB werkgeheugen. Op een warme dag neem je de Lenovo mee naar de tuin. Je hebt geen last van zonlicht reflecties op het ontspiegelde beeldscherm. Via de Dolby Audio luidsprekers versta je iedereen duidelijk tijdens het Skypen of Zoomen. Even niet aan het videochatten? Schuif het klepje voor de webcam en werp een fysieke blokkade op voor potentiële meekijkers.', 6, 4, 4, 3, 60, '14', '33GB', 'HDD', '1TB', '00000119.png');

INSERT INTO `resolution` (`id`, `resolution`) VALUES
(1, 'Full HD (1080p)'),
(2, 'Quad HD (1440p)'),
(3, '4K (UHD)');

ALTER TABLE `brand`
  ADD PRIMARY KEY (`id`);

ALTER TABLE `cpu`
  ADD PRIMARY KEY (`id`),
  ADD UNIQUE KEY `id_UNIQUE` (`id`);

ALTER TABLE `gpu`
  ADD PRIMARY KEY (`id`),
  ADD UNIQUE KEY `id_UNIQUE` (`id`);

ALTER TABLE `laptop`
  ADD PRIMARY KEY (`id`),
  ADD UNIQUE KEY `id_UNIQUE` (`id`),
  ADD KEY `fk_laptop_gpu_idx` (`gpu`),
  ADD KEY `fk_laptop_brand1_idx` (`brand`),
  ADD KEY `fk_laptop_cpu1_idx` (`cpu`),
  ADD KEY `fk_laptop_resolution1_idx` (`resolution`);

ALTER TABLE `resolution`
  ADD PRIMARY KEY (`id`);

ALTER TABLE `brand`
  MODIFY `id` int(11) NOT NULL AUTO_INCREMENT, AUTO_INCREMENT=6;

ALTER TABLE `cpu`
  MODIFY `id` int(11) NOT NULL AUTO_INCREMENT, AUTO_INCREMENT=3;

ALTER TABLE `gpu`
  MODIFY `id` int(11) NOT NULL AUTO_INCREMENT, AUTO_INCREMENT=3;

ALTER TABLE `resolution`
  MODIFY `id` int(11) NOT NULL AUTO_INCREMENT, AUTO_INCREMENT=4;

ALTER TABLE `laptop`
  ADD CONSTRAINT `fk_laptop_brand1` FOREIGN KEY (`brand`) REFERENCES `brand` (`id`) ON DELETE NO ACTION ON UPDATE NO ACTION,
  ADD CONSTRAINT `fk_laptop_cpu1` FOREIGN KEY (`cpu`) REFERENCES `cpu` (`id`) ON DELETE NO ACTION ON UPDATE NO ACTION,
  ADD CONSTRAINT `fk_laptop_gpu` FOREIGN KEY (`gpu`) REFERENCES `gpu` (`id`) ON DELETE NO ACTION ON UPDATE NO ACTION,
  ADD CONSTRAINT `fk_laptop_resolution1` FOREIGN KEY (`resolution`) REFERENCES `resolution` (`id`) ON DELETE NO ACTION ON UPDATE NO ACTION;
COMMIT;

/*!40101 SET CHARACTER_SET_CLIENT=@OLD_CHARACTER_SET_CLIENT */;
/*!40101 SET CHARACTER_SET_RESULTS=@OLD_CHARACTER_SET_RESULTS */;
/*!40101 SET COLLATION_CONNECTION=@OLD_COLLATION_CONNECTION */;