-- phpMyAdmin SQL Dump
-- version 5.0.3
-- https://www.phpmyadmin.net/
--
-- Host: 127.0.0.1
-- Gegenereerd op: 22 sep 2021 om 00:51
-- Serverversie: 10.4.14-MariaDB
-- PHP-versie: 7.4.11

SET SQL_MODE = "NO_AUTO_VALUE_ON_ZERO";
START TRANSACTION;
SET time_zone = "+00:00";


/*!40101 SET @OLD_CHARACTER_SET_CLIENT=@@CHARACTER_SET_CLIENT */;
/*!40101 SET @OLD_CHARACTER_SET_RESULTS=@@CHARACTER_SET_RESULTS */;
/*!40101 SET @OLD_COLLATION_CONNECTION=@@COLLATION_CONNECTION */;
/*!40101 SET NAMES utf8mb4 */;

--
-- Database: `genericlaptop`
--
CREATE DATABASE IF NOT EXISTS `genericlaptop` DEFAULT CHARACTER SET utf8mb4 COLLATE utf8mb4_general_ci;
USE `genericlaptop`;

-- --------------------------------------------------------

--
-- Tabelstructuur voor tabel `brand`
--

CREATE TABLE `brand` (
  `id` int(11) NOT NULL,
  `name` varchar(45) DEFAULT NULL
) ENGINE=InnoDB DEFAULT CHARSET=utf8;

CREATE TABLE `cpu` (
  `id` int(11) NOT NULL,
  `name` varchar(45) DEFAULT NULL,
  `cores` int(11) DEFAULT NULL
) ENGINE=InnoDB DEFAULT CHARSET=utf8;

CREATE TABLE `gpu` (
  `id` int(11) NOT NULL,
  `name` varchar(45) DEFAULT NULL,
  `vram` int(11) DEFAULT NULL
) ENGINE=InnoDB DEFAULT CHARSET=utf8;

CREATE TABLE `laptop` (
  `id` int(11) NOT NULL,
  `name` varchar(45) DEFAULT NULL,
  `price` decimal(11,2) DEFAULT NULL,
  `identifier` varchar(32) DEFAULT NULL,
  `description` varchar(1000) DEFAULT NULL,
  `brand` int(11) NOT NULL,
  `cpu` int(11) NOT NULL,
  `gpu` int(11) NOT NULL,
  `resolution` int(11) NOT NULL,
  `refreshrate` int(11) DEFAULT NULL,
  `diagonal` decimal(4,1) DEFAULT NULL,
  `ram` varchar(45) DEFAULT NULL,
  `storagetype` varchar(3) DEFAULT NULL,
  `storagesize` varchar(45) DEFAULT NULL,
  `thumbnail` varchar(50) NOT NULL
) ENGINE=InnoDB DEFAULT CHARSET=utf8;

CREATE TABLE `resolution` (
  `id` int(11) NOT NULL,
  `resolution` varchar(45) DEFAULT NULL
) ENGINE=InnoDB DEFAULT CHARSET=utf8;
INSERT INTO `brand` (`id`, `name`) VALUES
(1, 'Lenovo'),
(2, 'Asus'),
(3, 'Acer'),
(4, 'HP'),
(5, 'Dell'),
(6, 'Gigabyte');

INSERT INTO `cpu` (`id`, `name`, `cores`) VALUES
(1, 'Intel Core i3', 4),
(2, 'Intel Core i5', 6),
(3, 'Intel Core i7', 6),
(4, 'Intel Core i9', 8),
(5, 'AMD Ryzen 5', 6);

INSERT INTO `gpu` (`id`, `name`, `vram`) VALUES
(1, 'NVIDIA GeForce GTX 1650', 4),
(2, 'NVIDIA GeForce GTX 1660 ti', 6),
(3, 'NVIDIA GeForce RTX 2060', 6),
(4, 'NVIDIA GeForce RTX 2080 Super', 8),
(5, 'NVIDIA GeForce RTX 3070', 8),
(6, 'NVIDIA GeForce RTX 3080', 10);

INSERT INTO `laptop` (`id`, `name`, `price`, `identifier`, `description`, `brand`, `cpu`, `gpu`, `resolution`, `refreshrate`, `diagonal`, `ram`, `storagetype`, `storagesize`, `thumbnail`) VALUES
(1, 'AJG62NA', '667.99', '57755622340040154316', 'Bewerk video\'s en multitask overzichtelijk op het 14 inch beeldscherm van de Acer AJG62NA. Daar is deze Acer met Intel Core i9 processor en 4GB werkgeheugen. Werk op een zonnige dag in jouw achtertuin verder. Het ontspiegelde beeldscherm zorgt ervoor dat je geen last hebt van vervelende lichtreflecties.', 3, 4, 3, 1, 60, '14', '4GB', 'SHDD', '1TB', '00000001.png'),
(2, 'H2408', '1929.99', '26531684752363504012', 'Bewerk video\'s en multitask overzichtelijk op het 17.3 inch beeldscherm van de HP H2408. Daar is deze HP met Intel Core i5 processor en 8GB werkgeheugen. Werk op een zonnige dag in jouw achtertuin verder. Het ontspiegelde beeldscherm zorgt ervoor dat je geen last hebt van vervelende lichtreflecties.', 4, 2, 5, 3, 120, '17.3', '8GB', 'HDD', '1TB', '00000002.png'),
(3, 'AGW22VX', '955.99', '66112707642707055518', 'Bewerk video\'s en multitask overzichtelijk op het 17.3 inch beeldscherm van de Acer AGW22VX. Daar is deze Acer met Intel Core i5 processor en 16GB werkgeheugen. Door de NVIDIA GeForce GTX 1650 videokaart renderen videoprojecten sneller en speel je simpele games als Minecraft en The Sims op deze laptop.', 3, 2, 1, 3, 60, '17.3', '16GB', 'HDD', '1TB', '00000003.png'),
(4, 'D77003', '830.99', '70215856275456204362', 'Bewerk video\'s en multitask overzichtelijk op het 17.3 inch beeldscherm van de Dell D77003. Daar is deze Dell met Intel Core i9 processor en 16GB werkgeheugen. Door de NVIDIA GeForce GTX 1660 ti videokaart renderen videoprojecten sneller en speel je simpele games als Minecraft en The Sims op deze laptop.', 5, 4, 2, 3, 144, '17.3', '16GB', 'SSD', '2TB', '00000004.png'),
(5, 'ABQ-033', '1237.99', '84613408703147277551', 'Schrijf een Word verslag of videochat met vrienden en familie op de Asus ABQ-033. Open een paar internet tabbladen tegelijkertijd dankzij 16GB werkgeheugen. Op een warme dag neem je de Lenovo mee naar de tuin. Je hebt geen last van zonlicht reflecties op het ontspiegelde beeldscherm. Via de Dolby Audio luidsprekers versta je iedereen duidelijk tijdens het Skypen of Zoomen. Even niet aan het videochatten? Schuif het klepje voor de webcam en werp een fysieke blokkade op voor potentiële meekijkers.', 2, 2, 5, 2, 120, '15.6', '16GB', 'SHDD', '500GB', '00000005.png'),
(6, 'ALW41AX', '1014.99', '31431501852014267654', 'Bewerk video\'s en multitask overzichtelijk op het 14 inch beeldscherm van de Acer ALW41AX. Daar is deze Acer met Intel Core i5 processor en 8GB werkgeheugen. Door de NVIDIA GeForce RTX 3080 videokaart renderen videoprojecten sneller en speel je simpele games als Minecraft en The Sims op deze laptop.', 3, 2, 6, 3, 120, '14', '8GB', 'HDD', '1TB', '00000006.png'),
(7, 'H1760', '1339.99', '18340733376205620217', 'Bewerk video\'s en multitask overzichtelijk op het 14 inch beeldscherm van de HP H1760. Daar is deze HP met Intel Core i3 processor en 4GB werkgeheugen. Door de NVIDIA GeForce GTX 1660 ti videokaart renderen videoprojecten sneller en speel je simpele games als Minecraft en The Sims op deze laptop.', 4, 1, 2, 1, 144, '14', '4GB', 'HDD', '1TB', '00000007.png'),
(8, 'ABM87FA', '824.99', '28347542572214011763', 'Bewerk video\'s en multitask overzichtelijk op het 13.3 inch beeldscherm van de Acer ABM87FA. Daar is deze Acer met Intel Core i9 processor en 4GB werkgeheugen. Door de NVIDIA GeForce GTX 1650 videokaart renderen videoprojecten sneller en speel je simpele games als Minecraft en The Sims op deze laptop.', 3, 4, 1, 3, 144, '13.3', '4GB', 'HDD', '4TB', '00000008.png'),
(9, 'H6787', '1346.99', '03317508202148472451', 'Schrijf een Word verslag of videochat met vrienden en familie op de HP H6787. Open een paar internet tabbladen tegelijkertijd dankzij 4GB werkgeheugen. Op een warme dag neem je de Lenovo mee naar de tuin. Je hebt geen last van zonlicht reflecties op het ontspiegelde beeldscherm. Via de Dolby Audio luidsprekers versta je iedereen duidelijk tijdens het Skypen of Zoomen. Even niet aan het videochatten? Schuif het klepje voor de webcam en werp een fysieke blokkade op voor potentiële meekijkers.', 4, 2, 4, 1, 120, '11.6', '4GB', 'SHDD', '1TB', '00000009.png'),
(10, 'APS44JN', '1358.99', '10564152214412406280', 'Speel games als Cyberpunk 2077 op bepaalde instellingen met hoge framerates op de Acer APS44JN. Daar is de NVIDIA GeForce RTX 2080 Super videokaart krachtig genoeg voor. In competitieve shooters ben je jouw tegenstanders altijd een stapje voor dankzij het 60 hertz beeldscherm. Je ziet op dit scherm tot wel 60 beelden per seconden, waardoor snelle gameplay soepel weergegeven wordt. Met een Intel Core i5 processor en 8GB werkgeheugen blijft het niet bij gamen alleen. Bewerk video\'s, stream gameplay naar Twitch of werk in meerdere programma\'s tegelijkertijd.', 3, 2, 4, 3, 60, '11.6', '8GB', 'HDD', '1TB', '00000010.png'),
(11, 'ADA-535', '887.99', '37123474370783414083', 'Schrijf een Word verslag of videochat met vrienden en familie op de Asus ADA-535. Open een paar internet tabbladen tegelijkertijd dankzij 4GB werkgeheugen. Op een warme dag neem je de Lenovo mee naar de tuin. Je hebt geen last van zonlicht reflecties op het ontspiegelde beeldscherm. Via de Dolby Audio luidsprekers versta je iedereen duidelijk tijdens het Skypen of Zoomen. Even niet aan het videochatten? Schuif het klepje voor de webcam en werp een fysieke blokkade op voor potentiële meekijkers.', 2, 2, 1, 3, 144, '14', '4GB', 'SSD', '2TB', '00000011.png'),
(12, 'AKV68JU', '737.99', '05414832333582762812', 'Speel games als Cyberpunk 2077 op bepaalde instellingen met hoge framerates op de Acer AKV68JU. Daar is de NVIDIA GeForce RTX 3070 videokaart krachtig genoeg voor. In competitieve shooters ben je jouw tegenstanders altijd een stapje voor dankzij het 120 hertz beeldscherm. Je ziet op dit scherm tot wel 120 beelden per seconden, waardoor snelle gameplay soepel weergegeven wordt. Met een Intel Core i7 processor en 4GB werkgeheugen blijft het niet bij gamen alleen. Bewerk video\'s, stream gameplay naar Twitch of werk in meerdere programma\'s tegelijkertijd.', 3, 3, 5, 2, 120, '15.6', '4GB', 'HDD', '1TB', '00000012.png'),
(13, 'G55001', '1072.99', '66510262112706034635', 'Bewerk video\'s en multitask overzichtelijk op het 11.6 inch beeldscherm van de Gigabyte G55001. Daar is deze Gigabyte met AMD Ryzen 5 processor en 33GB werkgeheugen. Werk op een zonnige dag in jouw achtertuin verder. Het ontspiegelde beeldscherm zorgt ervoor dat je geen last hebt van vervelende lichtreflecties.', 6, 5, 1, 3, 144, '11.6', '33GB', 'SHDD', '500GB', '00000013.png'),
(14, 'AAG55JM', '1764.99', '11058353403631105047', 'Bewerk bedrijfsvideo\'s of filmprojecten en schrijf tegelijkertijd het script uit met de Acer AAG55JM 13.3 inch laptop. De laptop is uitgerust met een AMD Ryzen 5 processor en 4GB aan werkgeheugen, waardoor je vloeiend met zware bestanden aan het werk gaat. Het 13.3 inch beeldscherm komt met een haarscherpe Full HD (1080p) resolutie. Inloggen gaat veilig en snel via de infrarood camera met gezichtsherkenning. Zo weet je zeker dat er geen ongewenste bezoekers gebruik maken van je laptop. Een muziekje luisteren tijdens werk of geluidsbestanden bewerken in je video? Door de Dolby Atmos speakers klinkt je geluid scherper dan bij standaard luidsprekers.', 3, 5, 4, 1, 60, '13.3', '4GB', 'SSD', '1TB', '00000014.png'),
(15, 'D30004', '1741.99', '87741448438721374828', 'Schrijf een Word verslag of videochat met vrienden en familie op de Dell D30004. Open een paar internet tabbladen tegelijkertijd dankzij 8GB werkgeheugen. Op een warme dag neem je de Lenovo mee naar de tuin. Je hebt geen last van zonlicht reflecties op het ontspiegelde beeldscherm. Via de Dolby Audio luidsprekers versta je iedereen duidelijk tijdens het Skypen of Zoomen. Even niet aan het videochatten? Schuif het klepje voor de webcam en werp een fysieke blokkade op voor potentiële meekijkers.', 5, 1, 4, 1, 120, '13.3', '8GB', 'SHDD', '1TB', '00000015.png'),
(16, 'D74007', '1430.99', '53873311336141105310', 'Bewerk bedrijfsvideo\'s of filmprojecten en schrijf tegelijkertijd het script uit met de Dell D74007 15.6 inch laptop. De laptop is uitgerust met een Intel Core i7 processor en 16GB aan werkgeheugen, waardoor je vloeiend met zware bestanden aan het werk gaat. Het 15.6 inch beeldscherm komt met een haarscherpe 4K (UHD) resolutie. Inloggen gaat veilig en snel via de infrarood camera met gezichtsherkenning. Zo weet je zeker dat er geen ongewenste bezoekers gebruik maken van je laptop. Een muziekje luisteren tijdens werk of geluidsbestanden bewerken in je video? Door de Dolby Atmos speakers klinkt je geluid scherper dan bij standaard luidsprekers.', 5, 3, 1, 3, 144, '15.6', '16GB', 'SHDD', '4TB', '00000016.png'),
(17, 'D42004', '1502.99', '65216725858745411738', 'Speel games als Cyberpunk 2077 op bepaalde instellingen met hoge framerates op de Dell D42004. Daar is de NVIDIA GeForce GTX 1660 ti videokaart krachtig genoeg voor. In competitieve shooters ben je jouw tegenstanders altijd een stapje voor dankzij het 120 hertz beeldscherm. Je ziet op dit scherm tot wel 120 beelden per seconden, waardoor snelle gameplay soepel weergegeven wordt. Met een Intel Core i9 processor en 16GB werkgeheugen blijft het niet bij gamen alleen. Bewerk video\'s, stream gameplay naar Twitch of werk in meerdere programma\'s tegelijkertijd.', 5, 4, 2, 2, 120, '13.3', '16GB', 'HDD', '4TB', '00000017.png'),
(18, 'L5638', '1367.99', '61280781541600351018', 'Bewerk bedrijfsvideo\'s of filmprojecten en schrijf tegelijkertijd het script uit met de Lenovo L5638 11.6 inch laptop. De laptop is uitgerust met een Intel Core i7 processor en 16GB aan werkgeheugen, waardoor je vloeiend met zware bestanden aan het werk gaat. Het 11.6 inch beeldscherm komt met een haarscherpe Full HD (1080p) resolutie. Inloggen gaat veilig en snel via de infrarood camera met gezichtsherkenning. Zo weet je zeker dat er geen ongewenste bezoekers gebruik maken van je laptop. Een muziekje luisteren tijdens werk of geluidsbestanden bewerken in je video? Door de Dolby Atmos speakers klinkt je geluid scherper dan bij standaard luidsprekers.', 1, 3, 2, 1, 144, '11.6', '16GB', 'SHDD', '4TB', '00000018.png'),
(19, 'L6373', '1718.99', '80838783383542505710', 'Bewerk bedrijfsvideo\'s of filmprojecten en schrijf tegelijkertijd het script uit met de Lenovo L6373 13.3 inch laptop. De laptop is uitgerust met een Intel Core i7 processor en 16GB aan werkgeheugen, waardoor je vloeiend met zware bestanden aan het werk gaat. Het 13.3 inch beeldscherm komt met een haarscherpe Quad HD (1440p) resolutie. Inloggen gaat veilig en snel via de infrarood camera met gezichtsherkenning. Zo weet je zeker dat er geen ongewenste bezoekers gebruik maken van je laptop. Een muziekje luisteren tijdens werk of geluidsbestanden bewerken in je video? Door de Dolby Atmos speakers klinkt je geluid scherper dan bij standaard luidsprekers.', 1, 3, 4, 2, 120, '13.3', '16GB', 'SHDD', '2TB', '00000019.png'),
(20, 'AFO-057', '1756.99', '37630323528874164631', 'Speel games als Cyberpunk 2077 op bepaalde instellingen met hoge framerates op de Asus AFO-057. Daar is de NVIDIA GeForce RTX 2080 Super videokaart krachtig genoeg voor. In competitieve shooters ben je jouw tegenstanders altijd een stapje voor dankzij het 120 hertz beeldscherm. Je ziet op dit scherm tot wel 120 beelden per seconden, waardoor snelle gameplay soepel weergegeven wordt. Met een AMD Ryzen 5 processor en 4GB werkgeheugen blijft het niet bij gamen alleen. Bewerk video\'s, stream gameplay naar Twitch of werk in meerdere programma\'s tegelijkertijd.', 2, 5, 4, 2, 120, '14', '4GB', 'SSD', '4TB', '00000020.png'),
(21, 'G78003', '1408.99', '41230452870104305882', 'Bewerk video\'s en multitask overzichtelijk op het 14 inch beeldscherm van de Gigabyte G78003. Daar is deze Gigabyte met AMD Ryzen 5 processor en 16GB werkgeheugen. Door de NVIDIA GeForce GTX 1650 videokaart renderen videoprojecten sneller en speel je simpele games als Minecraft en The Sims op deze laptop.', 6, 5, 1, 1, 120, '14', '16GB', 'SSD', '1TB', '00000021.png'),
(22, 'H1141', '756.99', '53463834688808206600', 'Bewerk video\'s en multitask overzichtelijk op het 14 inch beeldscherm van de HP H1141. Daar is deze HP met AMD Ryzen 5 processor en 16GB werkgeheugen. Werk op een zonnige dag in jouw achtertuin verder. Het ontspiegelde beeldscherm zorgt ervoor dat je geen last hebt van vervelende lichtreflecties.', 4, 5, 2, 1, 120, '14', '16GB', 'SSD', '4TB', '00000022.png'),
(23, 'D45008', '1580.99', '33467747816587883541', 'Speel games als Cyberpunk 2077 op bepaalde instellingen met hoge framerates op de Dell D45008. Daar is de NVIDIA GeForce RTX 3080 videokaart krachtig genoeg voor. In competitieve shooters ben je jouw tegenstanders altijd een stapje voor dankzij het 144 hertz beeldscherm. Je ziet op dit scherm tot wel 144 beelden per seconden, waardoor snelle gameplay soepel weergegeven wordt. Met een Intel Core i7 processor en 16GB werkgeheugen blijft het niet bij gamen alleen. Bewerk video\'s, stream gameplay naar Twitch of werk in meerdere programma\'s tegelijkertijd.', 5, 3, 6, 1, 144, '12.5', '16GB', 'HDD', '500GB', '00000023.png'),
(24, 'H3722', '1139.99', '58454154653836573187', 'Bewerk video\'s en multitask overzichtelijk op het 11.6 inch beeldscherm van de HP H3722. Daar is deze HP met AMD Ryzen 5 processor en 4GB werkgeheugen. Door de NVIDIA GeForce GTX 1650 videokaart renderen videoprojecten sneller en speel je simpele games als Minecraft en The Sims op deze laptop.', 4, 5, 1, 3, 120, '11.6', '4GB', 'HDD', '1TB', '00000024.png'),
(25, 'G68001', '1858.99', '70584437370827265283', 'Bewerk video\'s en multitask overzichtelijk op het 13.3 inch beeldscherm van de Gigabyte G68001. Daar is deze Gigabyte met Intel Core i3 processor en 16GB werkgeheugen. Door de NVIDIA GeForce GTX 1650 videokaart renderen videoprojecten sneller en speel je simpele games als Minecraft en The Sims op deze laptop.', 6, 1, 1, 2, 144, '13.3', '16GB', 'SSD', '4TB', '00000025.png'),
(26, 'D70003', '1547.99', '86634040856446022454', 'Bewerk bedrijfsvideo\'s of filmprojecten en schrijf tegelijkertijd het script uit met de Dell D70003 15.6 inch laptop. De laptop is uitgerust met een Intel Core i5 processor en 33GB aan werkgeheugen, waardoor je vloeiend met zware bestanden aan het werk gaat. Het 15.6 inch beeldscherm komt met een haarscherpe 4K (UHD) resolutie. Inloggen gaat veilig en snel via de infrarood camera met gezichtsherkenning. Zo weet je zeker dat er geen ongewenste bezoekers gebruik maken van je laptop. Een muziekje luisteren tijdens werk of geluidsbestanden bewerken in je video? Door de Dolby Atmos speakers klinkt je geluid scherper dan bij standaard luidsprekers.', 5, 2, 1, 3, 120, '15.6', '33GB', 'HDD', '1TB', '00000026.png'),
(27, 'L0886', '726.99', '71286648488768322005', 'Speel games als Cyberpunk 2077 op bepaalde instellingen met hoge framerates op de Lenovo L0886. Daar is de NVIDIA GeForce GTX 1660 ti videokaart krachtig genoeg voor. In competitieve shooters ben je jouw tegenstanders altijd een stapje voor dankzij het 120 hertz beeldscherm. Je ziet op dit scherm tot wel 120 beelden per seconden, waardoor snelle gameplay soepel weergegeven wordt. Met een Intel Core i9 processor en 33GB werkgeheugen blijft het niet bij gamen alleen. Bewerk video\'s, stream gameplay naar Twitch of werk in meerdere programma\'s tegelijkertijd.', 1, 4, 2, 2, 120, '11.6', '33GB', 'SHDD', '1TB', '00000027.png'),
(28, 'L8483', '716.99', '25172081115275210785', 'Schrijf een Word verslag of videochat met vrienden en familie op de Lenovo L8483. Open een paar internet tabbladen tegelijkertijd dankzij 33GB werkgeheugen. Op een warme dag neem je de Lenovo mee naar de tuin. Je hebt geen last van zonlicht reflecties op het ontspiegelde beeldscherm. Via de Dolby Audio luidsprekers versta je iedereen duidelijk tijdens het Skypen of Zoomen. Even niet aan het videochatten? Schuif het klepje voor de webcam en werp een fysieke blokkade op voor potentiële meekijkers.', 1, 1, 3, 2, 144, '13.3', '33GB', 'SSD', '1TB', '00000028.png'),
(29, 'L6812', '1464.99', '12166738826146530764', 'Bewerk bedrijfsvideo\'s of filmprojecten en schrijf tegelijkertijd het script uit met de Lenovo L6812 14 inch laptop. De laptop is uitgerust met een Intel Core i9 processor en 8GB aan werkgeheugen, waardoor je vloeiend met zware bestanden aan het werk gaat. Het 14 inch beeldscherm komt met een haarscherpe 4K (UHD) resolutie. Inloggen gaat veilig en snel via de infrarood camera met gezichtsherkenning. Zo weet je zeker dat er geen ongewenste bezoekers gebruik maken van je laptop. Een muziekje luisteren tijdens werk of geluidsbestanden bewerken in je video? Door de Dolby Atmos speakers klinkt je geluid scherper dan bij standaard luidsprekers.', 1, 4, 5, 3, 144, '14', '8GB', 'SSD', '1TB', '00000029.png'),
(30, 'L1614', '1367.99', '67527520076871427524', 'Speel games als Cyberpunk 2077 op bepaalde instellingen met hoge framerates op de Lenovo L1614. Daar is de NVIDIA GeForce RTX 2080 Super videokaart krachtig genoeg voor. In competitieve shooters ben je jouw tegenstanders altijd een stapje voor dankzij het 60 hertz beeldscherm. Je ziet op dit scherm tot wel 60 beelden per seconden, waardoor snelle gameplay soepel weergegeven wordt. Met een Intel Core i9 processor en 4GB werkgeheugen blijft het niet bij gamen alleen. Bewerk video\'s, stream gameplay naar Twitch of werk in meerdere programma\'s tegelijkertijd.', 1, 4, 4, 2, 60, '13.3', '4GB', 'SSD', '1TB', '00000030.png'),
(31, 'L8531', '1599.99', '15484880748820120506', 'Bewerk video\'s en multitask overzichtelijk op het 13.3 inch beeldscherm van de Lenovo L8531. Daar is deze Lenovo met Intel Core i9 processor en 16GB werkgeheugen. Door de NVIDIA GeForce RTX 2060 videokaart renderen videoprojecten sneller en speel je simpele games als Minecraft en The Sims op deze laptop.', 1, 4, 3, 1, 144, '13.3', '16GB', 'SSD', '1TB', '00000031.png'),
(32, 'AXG06YR', '1602.99', '23667865111212507612', 'Bewerk bedrijfsvideo\'s of filmprojecten en schrijf tegelijkertijd het script uit met de Acer AXG06YR 11.6 inch laptop. De laptop is uitgerust met een Intel Core i3 processor en 4GB aan werkgeheugen, waardoor je vloeiend met zware bestanden aan het werk gaat. Het 11.6 inch beeldscherm komt met een haarscherpe 4K (UHD) resolutie. Inloggen gaat veilig en snel via de infrarood camera met gezichtsherkenning. Zo weet je zeker dat er geen ongewenste bezoekers gebruik maken van je laptop. Een muziekje luisteren tijdens werk of geluidsbestanden bewerken in je video? Door de Dolby Atmos speakers klinkt je geluid scherper dan bij standaard luidsprekers.', 3, 1, 5, 3, 60, '11.6', '4GB', 'SSD', '1TB', '00000032.png'),
(33, 'L1054', '721.99', '40330834865022177271', 'Speel games als Cyberpunk 2077 op bepaalde instellingen met hoge framerates op de Lenovo L1054. Daar is de NVIDIA GeForce RTX 2080 Super videokaart krachtig genoeg voor. In competitieve shooters ben je jouw tegenstanders altijd een stapje voor dankzij het 144 hertz beeldscherm. Je ziet op dit scherm tot wel 144 beelden per seconden, waardoor snelle gameplay soepel weergegeven wordt. Met een Intel Core i9 processor en 4GB werkgeheugen blijft het niet bij gamen alleen. Bewerk video\'s, stream gameplay naar Twitch of werk in meerdere programma\'s tegelijkertijd.', 1, 4, 4, 3, 144, '11.6', '4GB', 'SSD', '4TB', '00000033.png'),
(34, 'L5507', '841.99', '88824247401743516623', 'Bewerk bedrijfsvideo\'s of filmprojecten en schrijf tegelijkertijd het script uit met de Lenovo L5507 13.3 inch laptop. De laptop is uitgerust met een AMD Ryzen 5 processor en 33GB aan werkgeheugen, waardoor je vloeiend met zware bestanden aan het werk gaat. Het 13.3 inch beeldscherm komt met een haarscherpe 4K (UHD) resolutie. Inloggen gaat veilig en snel via de infrarood camera met gezichtsherkenning. Zo weet je zeker dat er geen ongewenste bezoekers gebruik maken van je laptop. Een muziekje luisteren tijdens werk of geluidsbestanden bewerken in je video? Door de Dolby Atmos speakers klinkt je geluid scherper dan bij standaard luidsprekers.', 1, 5, 3, 3, 60, '13.3', '33GB', 'SSD', '2TB', '00000034.png'),
(35, 'G54008', '1606.99', '42486775753101861642', 'Bewerk video\'s en multitask overzichtelijk op het 11.6 inch beeldscherm van de Gigabyte G54008. Daar is deze Gigabyte met Intel Core i3 processor en 16GB werkgeheugen. Werk op een zonnige dag in jouw achtertuin verder. Het ontspiegelde beeldscherm zorgt ervoor dat je geen last hebt van vervelende lichtreflecties.', 6, 1, 4, 3, 60, '11.6', '16GB', 'HDD', '1TB', '00000035.png'),
(36, 'ABY-278', '1486.99', '65315603037265162588', 'Bewerk video\'s en multitask overzichtelijk op het 17.3 inch beeldscherm van de Asus ABY-278. Daar is deze Asus met Intel Core i9 processor en 4GB werkgeheugen. Werk op een zonnige dag in jouw achtertuin verder. Het ontspiegelde beeldscherm zorgt ervoor dat je geen last hebt van vervelende lichtreflecties.', 2, 4, 3, 2, 144, '17.3', '4GB', 'SSD', '2TB', '00000036.png'),
(37, 'H2288', '1575.99', '65280540812035005005', 'Schrijf een Word verslag of videochat met vrienden en familie op de HP H2288. Open een paar internet tabbladen tegelijkertijd dankzij 16GB werkgeheugen. Op een warme dag neem je de Lenovo mee naar de tuin. Je hebt geen last van zonlicht reflecties op het ontspiegelde beeldscherm. Via de Dolby Audio luidsprekers versta je iedereen duidelijk tijdens het Skypen of Zoomen. Even niet aan het videochatten? Schuif het klepje voor de webcam en werp een fysieke blokkade op voor potentiële meekijkers.', 4, 1, 5, 1, 60, '15.6', '16GB', 'SSD', '1TB', '00000037.png'),
(38, 'G06002', '1051.99', '57844432473041248635', 'Bewerk video\'s en multitask overzichtelijk op het 13.3 inch beeldscherm van de Gigabyte G06002. Daar is deze Gigabyte met AMD Ryzen 5 processor en 16GB werkgeheugen. Door de NVIDIA GeForce GTX 1650 videokaart renderen videoprojecten sneller en speel je simpele games als Minecraft en The Sims op deze laptop.', 6, 5, 1, 2, 144, '13.3', '16GB', 'SHDD', '500GB', '00000038.png'),
(39, 'AYD04TT', '1842.99', '47383420552158546854', 'Bewerk video\'s en multitask overzichtelijk op het 12.5 inch beeldscherm van de Acer AYD04TT. Daar is deze Acer met Intel Core i3 processor en 16GB werkgeheugen. Door de NVIDIA GeForce RTX 2060 videokaart renderen videoprojecten sneller en speel je simpele games als Minecraft en The Sims op deze laptop.', 3, 1, 3, 1, 60, '12.5', '16GB', 'SHDD', '2TB', '00000039.png'),
(40, 'ATU-147', '1159.99', '65652325430503885237', 'Bewerk video\'s en multitask overzichtelijk op het 17.3 inch beeldscherm van de Asus ATU-147. Daar is deze Asus met Intel Core i7 processor en 16GB werkgeheugen. Door de NVIDIA GeForce GTX 1660 ti videokaart renderen videoprojecten sneller en speel je simpele games als Minecraft en The Sims op deze laptop.', 2, 3, 2, 1, 144, '17.3', '16GB', 'HDD', '1TB', '00000040.png'),
(41, 'H1326', '1012.99', '18734733282675613662', 'Schrijf een Word verslag of videochat met vrienden en familie op de HP H1326. Open een paar internet tabbladen tegelijkertijd dankzij 4GB werkgeheugen. Op een warme dag neem je de Lenovo mee naar de tuin. Je hebt geen last van zonlicht reflecties op het ontspiegelde beeldscherm. Via de Dolby Audio luidsprekers versta je iedereen duidelijk tijdens het Skypen of Zoomen. Even niet aan het videochatten? Schuif het klepje voor de webcam en werp een fysieke blokkade op voor potentiële meekijkers.', 4, 5, 5, 2, 144, '15.6', '4GB', 'SSD', '2TB', '00000041.png'),
(42, 'AUI-840', '900.99', '86785655664357068531', 'Bewerk bedrijfsvideo\'s of filmprojecten en schrijf tegelijkertijd het script uit met de Asus AUI-840 15.6 inch laptop. De laptop is uitgerust met een Intel Core i9 processor en 33GB aan werkgeheugen, waardoor je vloeiend met zware bestanden aan het werk gaat. Het 15.6 inch beeldscherm komt met een haarscherpe Full HD (1080p) resolutie. Inloggen gaat veilig en snel via de infrarood camera met gezichtsherkenning. Zo weet je zeker dat er geen ongewenste bezoekers gebruik maken van je laptop. Een muziekje luisteren tijdens werk of geluidsbestanden bewerken in je video? Door de Dolby Atmos speakers klinkt je geluid scherper dan bij standaard luidsprekers.', 2, 4, 3, 1, 60, '15.6', '33GB', 'SSD', '500GB', '00000042.png'),
(43, 'D63001', '1938.99', '42403502433784642500', 'Bewerk video\'s en multitask overzichtelijk op het 17.3 inch beeldscherm van de Dell D63001. Daar is deze Dell met Intel Core i9 processor en 8GB werkgeheugen. Door de NVIDIA GeForce RTX 2080 Super videokaart renderen videoprojecten sneller en speel je simpele games als Minecraft en The Sims op deze laptop.', 5, 4, 4, 2, 120, '17.3', '8GB', 'SSD', '4TB', '00000043.png'),
(44, 'AFV10LY', '1802.99', '68224126573324215171', 'Speel games als Cyberpunk 2077 op bepaalde instellingen met hoge framerates op de Acer AFV10LY. Daar is de NVIDIA GeForce RTX 3080 videokaart krachtig genoeg voor. In competitieve shooters ben je jouw tegenstanders altijd een stapje voor dankzij het 144 hertz beeldscherm. Je ziet op dit scherm tot wel 144 beelden per seconden, waardoor snelle gameplay soepel weergegeven wordt. Met een Intel Core i7 processor en 4GB werkgeheugen blijft het niet bij gamen alleen. Bewerk video\'s, stream gameplay naar Twitch of werk in meerdere programma\'s tegelijkertijd.', 3, 3, 6, 3, 144, '12.5', '4GB', 'HDD', '1TB', '00000044.png'),
(45, 'D34003', '1875.99', '78741881603327631611', 'Bewerk video\'s en multitask overzichtelijk op het 13.3 inch beeldscherm van de Dell D34003. Daar is deze Dell met Intel Core i9 processor en 8GB werkgeheugen. Werk op een zonnige dag in jouw achtertuin verder. Het ontspiegelde beeldscherm zorgt ervoor dat je geen last hebt van vervelende lichtreflecties.', 5, 4, 6, 1, 120, '13.3', '8GB', 'SSD', '2TB', '00000045.png'),
(46, 'G63007', '767.99', '37484303273526458152', 'Bewerk bedrijfsvideo\'s of filmprojecten en schrijf tegelijkertijd het script uit met de Gigabyte G63007 11.6 inch laptop. De laptop is uitgerust met een Intel Core i5 processor en 33GB aan werkgeheugen, waardoor je vloeiend met zware bestanden aan het werk gaat. Het 11.6 inch beeldscherm komt met een haarscherpe 4K (UHD) resolutie. Inloggen gaat veilig en snel via de infrarood camera met gezichtsherkenning. Zo weet je zeker dat er geen ongewenste bezoekers gebruik maken van je laptop. Een muziekje luisteren tijdens werk of geluidsbestanden bewerken in je video? Door de Dolby Atmos speakers klinkt je geluid scherper dan bij standaard luidsprekers.', 6, 2, 4, 3, 120, '11.6', '33GB', 'SHDD', '500GB', '00000046.png'),
(47, 'G14003', '1757.99', '44060424511348638814', 'Schrijf een Word verslag of videochat met vrienden en familie op de Gigabyte G14003. Open een paar internet tabbladen tegelijkertijd dankzij 4GB werkgeheugen. Op een warme dag neem je de Lenovo mee naar de tuin. Je hebt geen last van zonlicht reflecties op het ontspiegelde beeldscherm. Via de Dolby Audio luidsprekers versta je iedereen duidelijk tijdens het Skypen of Zoomen. Even niet aan het videochatten? Schuif het klepje voor de webcam en werp een fysieke blokkade op voor potentiële meekijkers.', 6, 2, 1, 3, 60, '17.3', '4GB', 'SSD', '2TB', '00000047.png'),
(48, 'AHL-264', '987.99', '15207054863822364881', 'Speel games als Cyberpunk 2077 op bepaalde instellingen met hoge framerates op de Asus AHL-264. Daar is de NVIDIA GeForce RTX 3070 videokaart krachtig genoeg voor. In competitieve shooters ben je jouw tegenstanders altijd een stapje voor dankzij het 120 hertz beeldscherm. Je ziet op dit scherm tot wel 120 beelden per seconden, waardoor snelle gameplay soepel weergegeven wordt. Met een Intel Core i9 processor en 8GB werkgeheugen blijft het niet bij gamen alleen. Bewerk video\'s, stream gameplay naar Twitch of werk in meerdere programma\'s tegelijkertijd.', 2, 4, 5, 1, 120, '17.3', '8GB', 'SHDD', '500GB', '00000048.png'),
(49, 'ATF-037', '1701.99', '31216333355422554537', 'Schrijf een Word verslag of videochat met vrienden en familie op de Asus ATF-037. Open een paar internet tabbladen tegelijkertijd dankzij 16GB werkgeheugen. Op een warme dag neem je de Lenovo mee naar de tuin. Je hebt geen last van zonlicht reflecties op het ontspiegelde beeldscherm. Via de Dolby Audio luidsprekers versta je iedereen duidelijk tijdens het Skypen of Zoomen. Even niet aan het videochatten? Schuif het klepje voor de webcam en werp een fysieke blokkade op voor potentiële meekijkers.', 2, 3, 4, 2, 120, '15.6', '16GB', 'SHDD', '1TB', '00000049.png'),
(50, 'L6513', '724.99', '53841878325574752056', 'Speel games als Cyberpunk 2077 op bepaalde instellingen met hoge framerates op de Lenovo L6513. Daar is de NVIDIA GeForce RTX 2060 videokaart krachtig genoeg voor. In competitieve shooters ben je jouw tegenstanders altijd een stapje voor dankzij het 120 hertz beeldscherm. Je ziet op dit scherm tot wel 120 beelden per seconden, waardoor snelle gameplay soepel weergegeven wordt. Met een Intel Core i5 processor en 33GB werkgeheugen blijft het niet bij gamen alleen. Bewerk video\'s, stream gameplay naar Twitch of werk in meerdere programma\'s tegelijkertijd.', 1, 2, 3, 2, 120, '14', '33GB', 'HDD', '1TB', '00000050.png'),
(51, 'ACL-073', '1353.99', '23687236154237137608', 'Bewerk video\'s en multitask overzichtelijk op het 12.5 inch beeldscherm van de Asus ACL-073. Daar is deze Asus met Intel Core i7 processor en 8GB werkgeheugen. Door de NVIDIA GeForce RTX 2060 videokaart renderen videoprojecten sneller en speel je simpele games als Minecraft en The Sims op deze laptop.', 2, 3, 3, 3, 60, '12.5', '8GB', 'HDD', '4TB', '00000051.png'),
(52, 'H7103', '1070.99', '76430307772628118842', 'Bewerk bedrijfsvideo\'s of filmprojecten en schrijf tegelijkertijd het script uit met de HP H7103 13.3 inch laptop. De laptop is uitgerust met een Intel Core i5 processor en 8GB aan werkgeheugen, waardoor je vloeiend met zware bestanden aan het werk gaat. Het 13.3 inch beeldscherm komt met een haarscherpe Full HD (1080p) resolutie. Inloggen gaat veilig en snel via de infrarood camera met gezichtsherkenning. Zo weet je zeker dat er geen ongewenste bezoekers gebruik maken van je laptop. Een muziekje luisteren tijdens werk of geluidsbestanden bewerken in je video? Door de Dolby Atmos speakers klinkt je geluid scherper dan bij standaard luidsprekers.', 4, 2, 5, 1, 120, '13.3', '8GB', 'HDD', '1TB', '00000052.png'),
(53, 'ANX-101', '888.99', '82886542550068564645', 'Bewerk video\'s en multitask overzichtelijk op het 15.6 inch beeldscherm van de Asus ANX-101. Daar is deze Asus met Intel Core i7 processor en 4GB werkgeheugen. Door de NVIDIA GeForce RTX 3080 videokaart renderen videoprojecten sneller en speel je simpele games als Minecraft en The Sims op deze laptop.', 2, 3, 6, 3, 60, '15.6', '4GB', 'SSD', '1TB', '00000053.png'),
(54, 'APF11RK', '1191.99', '48874413484741022015', 'Bewerk video\'s en multitask overzichtelijk op het 15.6 inch beeldscherm van de Acer APF11RK. Daar is deze Acer met Intel Core i9 processor en 4GB werkgeheugen. Door de NVIDIA GeForce GTX 1660 ti videokaart renderen videoprojecten sneller en speel je simpele games als Minecraft en The Sims op deze laptop.', 3, 4, 2, 1, 60, '15.6', '4GB', 'HDD', '1TB', '00000054.png'),
(55, 'H4155', '1140.99', '26610604103755604647', 'Bewerk video\'s en multitask overzichtelijk op het 11.6 inch beeldscherm van de HP H4155. Daar is deze HP met Intel Core i9 processor en 16GB werkgeheugen. Werk op een zonnige dag in jouw achtertuin verder. Het ontspiegelde beeldscherm zorgt ervoor dat je geen last hebt van vervelende lichtreflecties.', 4, 4, 4, 2, 120, '11.6', '16GB', 'HDD', '1TB', '00000055.png'),
(56, 'G45004', '1108.99', '61242403404678378864', 'Speel games als Cyberpunk 2077 op bepaalde instellingen met hoge framerates op de Gigabyte G45004. Daar is de NVIDIA GeForce GTX 1650 videokaart krachtig genoeg voor. In competitieve shooters ben je jouw tegenstanders altijd een stapje voor dankzij het 144 hertz beeldscherm. Je ziet op dit scherm tot wel 144 beelden per seconden, waardoor snelle gameplay soepel weergegeven wordt. Met een Intel Core i5 processor en 16GB werkgeheugen blijft het niet bij gamen alleen. Bewerk video\'s, stream gameplay naar Twitch of werk in meerdere programma\'s tegelijkertijd.', 6, 2, 1, 1, 144, '13.3', '16GB', 'SSD', '2TB', '00000056.png'),
(57, 'AUT70LE', '1116.99', '20115535433745260834', 'Schrijf een Word verslag of videochat met vrienden en familie op de Acer AUT70LE. Open een paar internet tabbladen tegelijkertijd dankzij 8GB werkgeheugen. Op een warme dag neem je de Lenovo mee naar de tuin. Je hebt geen last van zonlicht reflecties op het ontspiegelde beeldscherm. Via de Dolby Audio luidsprekers versta je iedereen duidelijk tijdens het Skypen of Zoomen. Even niet aan het videochatten? Schuif het klepje voor de webcam en werp een fysieke blokkade op voor potentiële meekijkers.', 3, 1, 3, 3, 120, '15.6', '8GB', 'SSD', '4TB', '00000057.png'),
(58, 'G71006', '1366.99', '26750645441237785823', 'Bewerk video\'s en multitask overzichtelijk op het 12.5 inch beeldscherm van de Gigabyte G71006. Daar is deze Gigabyte met Intel Core i7 processor en 16GB werkgeheugen. Werk op een zonnige dag in jouw achtertuin verder. Het ontspiegelde beeldscherm zorgt ervoor dat je geen last hebt van vervelende lichtreflecties.', 6, 3, 2, 1, 60, '12.5', '16GB', 'SSD', '1TB', '00000058.png'),
(59, 'G70004', '780.99', '60477153647867567728', 'Speel games als Cyberpunk 2077 op bepaalde instellingen met hoge framerates op de Gigabyte G70004. Daar is de NVIDIA GeForce GTX 1650 videokaart krachtig genoeg voor. In competitieve shooters ben je jouw tegenstanders altijd een stapje voor dankzij het 144 hertz beeldscherm. Je ziet op dit scherm tot wel 144 beelden per seconden, waardoor snelle gameplay soepel weergegeven wordt. Met een Intel Core i5 processor en 4GB werkgeheugen blijft het niet bij gamen alleen. Bewerk video\'s, stream gameplay naar Twitch of werk in meerdere programma\'s tegelijkertijd.', 6, 2, 1, 1, 144, '12.5', '4GB', 'SSD', '1TB', '00000059.png'),
(60, 'H5505', '1682.99', '13726807347826738757', 'Speel games als Cyberpunk 2077 op bepaalde instellingen met hoge framerates op de HP H5505. Daar is de NVIDIA GeForce GTX 1650 videokaart krachtig genoeg voor. In competitieve shooters ben je jouw tegenstanders altijd een stapje voor dankzij het 144 hertz beeldscherm. Je ziet op dit scherm tot wel 144 beelden per seconden, waardoor snelle gameplay soepel weergegeven wordt. Met een Intel Core i5 processor en 8GB werkgeheugen blijft het niet bij gamen alleen. Bewerk video\'s, stream gameplay naar Twitch of werk in meerdere programma\'s tegelijkertijd.', 4, 2, 1, 2, 144, '11.6', '8GB', 'SHDD', '1TB', '00000060.png'),
(61, 'H4886', '637.99', '24461386525323674041', 'Bewerk video\'s en multitask overzichtelijk op het 11.6 inch beeldscherm van de HP H4886. Daar is deze HP met AMD Ryzen 5 processor en 33GB werkgeheugen. Door de NVIDIA GeForce GTX 1650 videokaart renderen videoprojecten sneller en speel je simpele games als Minecraft en The Sims op deze laptop.', 4, 5, 1, 2, 144, '11.6', '33GB', 'SSD', '500GB', '00000061.png'),
(62, 'D63000', '1978.99', '08853422008133584020', 'Speel games als Cyberpunk 2077 op bepaalde instellingen met hoge framerates op de Dell D63000. Daar is de NVIDIA GeForce RTX 3070 videokaart krachtig genoeg voor. In competitieve shooters ben je jouw tegenstanders altijd een stapje voor dankzij het 60 hertz beeldscherm. Je ziet op dit scherm tot wel 60 beelden per seconden, waardoor snelle gameplay soepel weergegeven wordt. Met een Intel Core i5 processor en 16GB werkgeheugen blijft het niet bij gamen alleen. Bewerk video\'s, stream gameplay naar Twitch of werk in meerdere programma\'s tegelijkertijd.', 5, 2, 5, 1, 60, '12.5', '16GB', 'SHDD', '500GB', '00000062.png'),
(63, 'G40008', '1234.99', '16372075035133318321', 'Bewerk video\'s en multitask overzichtelijk op het 17.3 inch beeldscherm van de Gigabyte G40008. Daar is deze Gigabyte met Intel Core i5 processor en 4GB werkgeheugen. Werk op een zonnige dag in jouw achtertuin verder. Het ontspiegelde beeldscherm zorgt ervoor dat je geen last hebt van vervelende lichtreflecties.', 6, 2, 5, 2, 120, '17.3', '4GB', 'SHDD', '1TB', '00000063.png'),
(64, 'H1458', '1842.99', '35682316734513002200', 'Bewerk video\'s en multitask overzichtelijk op het 15.6 inch beeldscherm van de HP H1458. Daar is deze HP met Intel Core i5 processor en 8GB werkgeheugen. Door de NVIDIA GeForce RTX 3080 videokaart renderen videoprojecten sneller en speel je simpele games als Minecraft en The Sims op deze laptop.', 4, 2, 6, 2, 60, '15.6', '8GB', 'SSD', '1TB', '00000064.png'),
(65, 'AWA-120', '1915.99', '51060825214637362830', 'Bewerk bedrijfsvideo\'s of filmprojecten en schrijf tegelijkertijd het script uit met de Asus AWA-120 17.3 inch laptop. De laptop is uitgerust met een Intel Core i9 processor en 4GB aan werkgeheugen, waardoor je vloeiend met zware bestanden aan het werk gaat. Het 17.3 inch beeldscherm komt met een haarscherpe Quad HD (1440p) resolutie. Inloggen gaat veilig en snel via de infrarood camera met gezichtsherkenning. Zo weet je zeker dat er geen ongewenste bezoekers gebruik maken van je laptop. Een muziekje luisteren tijdens werk of geluidsbestanden bewerken in je video? Door de Dolby Atmos speakers klinkt je geluid scherper dan bij standaard luidsprekers.', 2, 4, 5, 2, 120, '17.3', '4GB', 'HDD', '4TB', '00000065.png'),
(66, 'H0106', '773.99', '22813438042023680738', 'Bewerk video\'s en multitask overzichtelijk op het 12.5 inch beeldscherm van de HP H0106. Daar is deze HP met Intel Core i7 processor en 16GB werkgeheugen. Door de NVIDIA GeForce RTX 3080 videokaart renderen videoprojecten sneller en speel je simpele games als Minecraft en The Sims op deze laptop.', 4, 3, 6, 2, 120, '12.5', '16GB', 'HDD', '2TB', '00000066.png'),
(67, 'AUM35VN', '1746.99', '83660328243681277467', 'Bewerk video\'s en multitask overzichtelijk op het 12.5 inch beeldscherm van de Acer AUM35VN. Daar is deze Acer met Intel Core i3 processor en 8GB werkgeheugen. Door de NVIDIA GeForce GTX 1660 ti videokaart renderen videoprojecten sneller en speel je simpele games als Minecraft en The Sims op deze laptop.', 3, 1, 2, 2, 120, '12.5', '8GB', 'SSD', '2TB', '00000067.png'),
(68, 'AQX-488', '1232.99', '23883850541865851377', 'Speel games als Cyberpunk 2077 op bepaalde instellingen met hoge framerates op de Asus AQX-488. Daar is de NVIDIA GeForce RTX 2060 videokaart krachtig genoeg voor. In competitieve shooters ben je jouw tegenstanders altijd een stapje voor dankzij het 120 hertz beeldscherm. Je ziet op dit scherm tot wel 120 beelden per seconden, waardoor snelle gameplay soepel weergegeven wordt. Met een Intel Core i7 processor en 16GB werkgeheugen blijft het niet bij gamen alleen. Bewerk video\'s, stream gameplay naar Twitch of werk in meerdere programma\'s tegelijkertijd.', 2, 3, 3, 3, 120, '13.3', '16GB', 'HDD', '2TB', '00000068.png'),
(69, 'AOH86FF', '1245.99', '55145785084633438214', 'Bewerk bedrijfsvideo\'s of filmprojecten en schrijf tegelijkertijd het script uit met de Acer AOH86FF 13.3 inch laptop. De laptop is uitgerust met een Intel Core i5 processor en 8GB aan werkgeheugen, waardoor je vloeiend met zware bestanden aan het werk gaat. Het 13.3 inch beeldscherm komt met een haarscherpe Full HD (1080p) resolutie. Inloggen gaat veilig en snel via de infrarood camera met gezichtsherkenning. Zo weet je zeker dat er geen ongewenste bezoekers gebruik maken van je laptop. Een muziekje luisteren tijdens werk of geluidsbestanden bewerken in je video? Door de Dolby Atmos speakers klinkt je geluid scherper dan bij standaard luidsprekers.', 3, 2, 3, 1, 120, '13.3', '8GB', 'SSD', '2TB', '00000069.png'),
(70, 'H7571', '1598.99', '40614573303760474587', 'Bewerk video\'s en multitask overzichtelijk op het 11.6 inch beeldscherm van de HP H7571. Daar is deze HP met Intel Core i7 processor en 33GB werkgeheugen. Werk op een zonnige dag in jouw achtertuin verder. Het ontspiegelde beeldscherm zorgt ervoor dat je geen last hebt van vervelende lichtreflecties.', 4, 3, 2, 3, 120, '11.6', '33GB', 'SSD', '1TB', '00000070.png'),
(71, 'AGR-765', '1996.99', '73767402400416140123', 'Bewerk video\'s en multitask overzichtelijk op het 11.6 inch beeldscherm van de Asus AGR-765. Daar is deze Asus met AMD Ryzen 5 processor en 8GB werkgeheugen. Werk op een zonnige dag in jouw achtertuin verder. Het ontspiegelde beeldscherm zorgt ervoor dat je geen last hebt van vervelende lichtreflecties.', 2, 5, 1, 1, 60, '11.6', '8GB', 'SHDD', '1TB', '00000071.png'),
(72, 'ASN46YU', '844.99', '72033202872061488036', 'Bewerk video\'s en multitask overzichtelijk op het 17.3 inch beeldscherm van de Acer ASN46YU. Daar is deze Acer met AMD Ryzen 5 processor en 8GB werkgeheugen. Werk op een zonnige dag in jouw achtertuin verder. Het ontspiegelde beeldscherm zorgt ervoor dat je geen last hebt van vervelende lichtreflecties.', 3, 5, 6, 1, 144, '17.3', '8GB', 'SHDD', '2TB', '00000072.png'),
(73, 'G50001', '1535.99', '33608670687446818642', 'Schrijf een Word verslag of videochat met vrienden en familie op de Gigabyte G50001. Open een paar internet tabbladen tegelijkertijd dankzij 33GB werkgeheugen. Op een warme dag neem je de Lenovo mee naar de tuin. Je hebt geen last van zonlicht reflecties op het ontspiegelde beeldscherm. Via de Dolby Audio luidsprekers versta je iedereen duidelijk tijdens het Skypen of Zoomen. Even niet aan het videochatten? Schuif het klepje voor de webcam en werp een fysieke blokkade op voor potentiële meekijkers.', 6, 2, 5, 3, 144, '12.5', '33GB', 'SSD', '1TB', '00000073.png'),
(74, 'D82006', '903.99', '53483876528848218127', 'Bewerk video\'s en multitask overzichtelijk op het 12.5 inch beeldscherm van de Dell D82006. Daar is deze Dell met Intel Core i5 processor en 8GB werkgeheugen. Door de NVIDIA GeForce GTX 1650 videokaart renderen videoprojecten sneller en speel je simpele games als Minecraft en The Sims op deze laptop.', 5, 2, 1, 3, 144, '12.5', '8GB', 'HDD', '1TB', '00000074.png'),
(75, 'H2270', '804.99', '01624322674527670071', 'Schrijf een Word verslag of videochat met vrienden en familie op de HP H2270. Open een paar internet tabbladen tegelijkertijd dankzij 33GB werkgeheugen. Op een warme dag neem je de Lenovo mee naar de tuin. Je hebt geen last van zonlicht reflecties op het ontspiegelde beeldscherm. Via de Dolby Audio luidsprekers versta je iedereen duidelijk tijdens het Skypen of Zoomen. Even niet aan het videochatten? Schuif het klepje voor de webcam en werp een fysieke blokkade op voor potentiële meekijkers.', 4, 2, 4, 2, 60, '17.3', '33GB', 'HDD', '500GB', '00000075.png'),
(76, 'D15002', '1291.99', '42226754728115218516', 'Speel games als Cyberpunk 2077 op bepaalde instellingen met hoge framerates op de Dell D15002. Daar is de NVIDIA GeForce RTX 3080 videokaart krachtig genoeg voor. In competitieve shooters ben je jouw tegenstanders altijd een stapje voor dankzij het 120 hertz beeldscherm. Je ziet op dit scherm tot wel 120 beelden per seconden, waardoor snelle gameplay soepel weergegeven wordt. Met een Intel Core i5 processor en 16GB werkgeheugen blijft het niet bij gamen alleen. Bewerk video\'s, stream gameplay naar Twitch of werk in meerdere programma\'s tegelijkertijd.', 5, 2, 6, 2, 120, '13.3', '16GB', 'HDD', '4TB', '00000076.png'),
(77, 'G81002', '1222.99', '44711230467100482878', 'Speel games als Cyberpunk 2077 op bepaalde instellingen met hoge framerates op de Gigabyte G81002. Daar is de NVIDIA GeForce RTX 3070 videokaart krachtig genoeg voor. In competitieve shooters ben je jouw tegenstanders altijd een stapje voor dankzij het 120 hertz beeldscherm. Je ziet op dit scherm tot wel 120 beelden per seconden, waardoor snelle gameplay soepel weergegeven wordt. Met een Intel Core i3 processor en 8GB werkgeheugen blijft het niet bij gamen alleen. Bewerk video\'s, stream gameplay naar Twitch of werk in meerdere programma\'s tegelijkertijd.', 6, 1, 5, 1, 120, '17.3', '8GB', 'HDD', '4TB', '00000077.png'),
(78, 'ASH-231', '1074.99', '76117847316283358764', 'Bewerk video\'s en multitask overzichtelijk op het 13.3 inch beeldscherm van de Asus ASH-231. Daar is deze Asus met Intel Core i9 processor en 4GB werkgeheugen. Werk op een zonnige dag in jouw achtertuin verder. Het ontspiegelde beeldscherm zorgt ervoor dat je geen last hebt van vervelende lichtreflecties.', 2, 4, 1, 1, 120, '13.3', '4GB', 'SHDD', '1TB', '00000078.png'),
(79, 'H4126', '1836.99', '02457018733402251877', 'Schrijf een Word verslag of videochat met vrienden en familie op de HP H4126. Open een paar internet tabbladen tegelijkertijd dankzij 8GB werkgeheugen. Op een warme dag neem je de Lenovo mee naar de tuin. Je hebt geen last van zonlicht reflecties op het ontspiegelde beeldscherm. Via de Dolby Audio luidsprekers versta je iedereen duidelijk tijdens het Skypen of Zoomen. Even niet aan het videochatten? Schuif het klepje voor de webcam en werp een fysieke blokkade op voor potentiële meekijkers.', 4, 5, 5, 2, 120, '15.6', '8GB', 'HDD', '1TB', '00000079.png'),
(80, 'H5764', '1344.99', '52817167420448020635', 'Bewerk video\'s en multitask overzichtelijk op het 14 inch beeldscherm van de HP H5764. Daar is deze HP met Intel Core i9 processor en 16GB werkgeheugen. Werk op een zonnige dag in jouw achtertuin verder. Het ontspiegelde beeldscherm zorgt ervoor dat je geen last hebt van vervelende lichtreflecties.', 4, 4, 2, 1, 120, '14', '16GB', 'HDD', '1TB', '00000080.png'),
(81, 'G52004', '1033.99', '40271257360518156487', 'Bewerk bedrijfsvideo\'s of filmprojecten en schrijf tegelijkertijd het script uit met de Gigabyte G52004 13.3 inch laptop. De laptop is uitgerust met een Intel Core i9 processor en 4GB aan werkgeheugen, waardoor je vloeiend met zware bestanden aan het werk gaat. Het 13.3 inch beeldscherm komt met een haarscherpe Quad HD (1440p) resolutie. Inloggen gaat veilig en snel via de infrarood camera met gezichtsherkenning. Zo weet je zeker dat er geen ongewenste bezoekers gebruik maken van je laptop. Een muziekje luisteren tijdens werk of geluidsbestanden bewerken in je video? Door de Dolby Atmos speakers klinkt je geluid scherper dan bij standaard luidsprekers.', 6, 4, 4, 2, 120, '13.3', '4GB', 'SHDD', '2TB', '00000081.png'),
(82, 'G04004', '900.99', '75747266626677525217', 'Bewerk video\'s en multitask overzichtelijk op het 14 inch beeldscherm van de Gigabyte G04004. Daar is deze Gigabyte met AMD Ryzen 5 processor en 8GB werkgeheugen. Werk op een zonnige dag in jouw achtertuin verder. Het ontspiegelde beeldscherm zorgt ervoor dat je geen last hebt van vervelende lichtreflecties.', 6, 5, 4, 2, 120, '14', '8GB', 'HDD', '4TB', '00000082.png'),
(83, 'AJF04DB', '1589.99', '56848646800530808377', 'Bewerk bedrijfsvideo\'s of filmprojecten en schrijf tegelijkertijd het script uit met de Acer AJF04DB 11.6 inch laptop. De laptop is uitgerust met een AMD Ryzen 5 processor en 4GB aan werkgeheugen, waardoor je vloeiend met zware bestanden aan het werk gaat. Het 11.6 inch beeldscherm komt met een haarscherpe Quad HD (1440p) resolutie. Inloggen gaat veilig en snel via de infrarood camera met gezichtsherkenning. Zo weet je zeker dat er geen ongewenste bezoekers gebruik maken van je laptop. Een muziekje luisteren tijdens werk of geluidsbestanden bewerken in je video? Door de Dolby Atmos speakers klinkt je geluid scherper dan bij standaard luidsprekers.', 3, 5, 3, 2, 60, '11.6', '4GB', 'SSD', '1TB', '00000083.png'),
(84, 'G52007', '1397.99', '86185322478031786877', 'Speel games als Cyberpunk 2077 op bepaalde instellingen met hoge framerates op de Gigabyte G52007. Daar is de NVIDIA GeForce GTX 1660 ti videokaart krachtig genoeg voor. In competitieve shooters ben je jouw tegenstanders altijd een stapje voor dankzij het 60 hertz beeldscherm. Je ziet op dit scherm tot wel 60 beelden per seconden, waardoor snelle gameplay soepel weergegeven wordt. Met een Intel Core i5 processor en 33GB werkgeheugen blijft het niet bij gamen alleen. Bewerk video\'s, stream gameplay naar Twitch of werk in meerdere programma\'s tegelijkertijd.', 6, 2, 2, 1, 60, '11.6', '33GB', 'SSD', '2TB', '00000084.png'),
(85, 'ALS-041', '1988.99', '20755261805155046605', 'Bewerk video\'s en multitask overzichtelijk op het 15.6 inch beeldscherm van de Asus ALS-041. Daar is deze Asus met Intel Core i9 processor en 8GB werkgeheugen. Werk op een zonnige dag in jouw achtertuin verder. Het ontspiegelde beeldscherm zorgt ervoor dat je geen last hebt van vervelende lichtreflecties.', 2, 4, 3, 1, 60, '15.6', '8GB', 'HDD', '1TB', '00000085.png'),
(86, 'G44004', '825.99', '47135807756446510603', 'Schrijf een Word verslag of videochat met vrienden en familie op de Gigabyte G44004. Open een paar internet tabbladen tegelijkertijd dankzij 4GB werkgeheugen. Op een warme dag neem je de Lenovo mee naar de tuin. Je hebt geen last van zonlicht reflecties op het ontspiegelde beeldscherm. Via de Dolby Audio luidsprekers versta je iedereen duidelijk tijdens het Skypen of Zoomen. Even niet aan het videochatten? Schuif het klepje voor de webcam en werp een fysieke blokkade op voor potentiële meekijkers.', 6, 2, 1, 2, 60, '11.6', '4GB', 'SHDD', '1TB', '00000086.png'),
(87, 'H4147', '1975.99', '82008132310713408638', 'Schrijf een Word verslag of videochat met vrienden en familie op de HP H4147. Open een paar internet tabbladen tegelijkertijd dankzij 16GB werkgeheugen. Op een warme dag neem je de Lenovo mee naar de tuin. Je hebt geen last van zonlicht reflecties op het ontspiegelde beeldscherm. Via de Dolby Audio luidsprekers versta je iedereen duidelijk tijdens het Skypen of Zoomen. Even niet aan het videochatten? Schuif het klepje voor de webcam en werp een fysieke blokkade op voor potentiële meekijkers.', 4, 4, 6, 3, 120, '17.3', '16GB', 'SSD', '1TB', '00000087.png'),
(88, 'D33003', '612.99', '08537218403280852313', 'Bewerk video\'s en multitask overzichtelijk op het 15.6 inch beeldscherm van de Dell D33003. Daar is deze Dell met AMD Ryzen 5 processor en 16GB werkgeheugen. Door de NVIDIA GeForce GTX 1660 ti videokaart renderen videoprojecten sneller en speel je simpele games als Minecraft en The Sims op deze laptop.', 5, 5, 2, 1, 60, '15.6', '16GB', 'HDD', '1TB', '00000088.png'),
(89, 'G62000', '945.99', '10372314200058418030', 'Bewerk bedrijfsvideo\'s of filmprojecten en schrijf tegelijkertijd het script uit met de Gigabyte G62000 15.6 inch laptop. De laptop is uitgerust met een Intel Core i3 processor en 8GB aan werkgeheugen, waardoor je vloeiend met zware bestanden aan het werk gaat. Het 15.6 inch beeldscherm komt met een haarscherpe Quad HD (1440p) resolutie. Inloggen gaat veilig en snel via de infrarood camera met gezichtsherkenning. Zo weet je zeker dat er geen ongewenste bezoekers gebruik maken van je laptop. Een muziekje luisteren tijdens werk of geluidsbestanden bewerken in je video? Door de Dolby Atmos speakers klinkt je geluid scherper dan bij standaard luidsprekers.', 6, 1, 5, 2, 60, '15.6', '8GB', 'HDD', '1TB', '00000089.png'),
(90, 'D50000', '1736.99', '76643521771772608808', 'Bewerk video\'s en multitask overzichtelijk op het 12.5 inch beeldscherm van de Dell D50000. Daar is deze Dell met Intel Core i7 processor en 8GB werkgeheugen. Werk op een zonnige dag in jouw achtertuin verder. Het ontspiegelde beeldscherm zorgt ervoor dat je geen last hebt van vervelende lichtreflecties.', 5, 3, 4, 3, 144, '12.5', '8GB', 'SSD', '1TB', '00000090.png'),
(91, 'H5221', '1379.99', '80354860840465056716', 'Bewerk video\'s en multitask overzichtelijk op het 14 inch beeldscherm van de HP H5221. Daar is deze HP met Intel Core i9 processor en 16GB werkgeheugen. Werk op een zonnige dag in jouw achtertuin verder. Het ontspiegelde beeldscherm zorgt ervoor dat je geen last hebt van vervelende lichtreflecties.', 4, 4, 6, 3, 120, '14', '16GB', 'SHDD', '2TB', '00000091.png'),
(92, 'H1304', '1951.99', '32101188645316571183', 'Schrijf een Word verslag of videochat met vrienden en familie op de HP H1304. Open een paar internet tabbladen tegelijkertijd dankzij 4GB werkgeheugen. Op een warme dag neem je de Lenovo mee naar de tuin. Je hebt geen last van zonlicht reflecties op het ontspiegelde beeldscherm. Via de Dolby Audio luidsprekers versta je iedereen duidelijk tijdens het Skypen of Zoomen. Even niet aan het videochatten? Schuif het klepje voor de webcam en werp een fysieke blokkade op voor potentiële meekijkers.', 4, 4, 5, 2, 120, '12.5', '4GB', 'HDD', '500GB', '00000092.png'),
(93, 'AVN88TD', '1799.99', '73106242662176765172', 'Speel games als Cyberpunk 2077 op bepaalde instellingen met hoge framerates op de Acer AVN88TD. Daar is de NVIDIA GeForce GTX 1660 ti videokaart krachtig genoeg voor. In competitieve shooters ben je jouw tegenstanders altijd een stapje voor dankzij het 120 hertz beeldscherm. Je ziet op dit scherm tot wel 120 beelden per seconden, waardoor snelle gameplay soepel weergegeven wordt. Met een Intel Core i5 processor en 4GB werkgeheugen blijft het niet bij gamen alleen. Bewerk video\'s, stream gameplay naar Twitch of werk in meerdere programma\'s tegelijkertijd.', 3, 2, 2, 2, 120, '11.6', '4GB', 'SSD', '4TB', '00000093.png'),
(94, 'G18004', '1602.99', '22556741881687248253', 'Speel games als Cyberpunk 2077 op bepaalde instellingen met hoge framerates op de Gigabyte G18004. Daar is de NVIDIA GeForce GTX 1650 videokaart krachtig genoeg voor. In competitieve shooters ben je jouw tegenstanders altijd een stapje voor dankzij het 144 hertz beeldscherm. Je ziet op dit scherm tot wel 144 beelden per seconden, waardoor snelle gameplay soepel weergegeven wordt. Met een AMD Ryzen 5 processor en 33GB werkgeheugen blijft het niet bij gamen alleen. Bewerk video\'s, stream gameplay naar Twitch of werk in meerdere programma\'s tegelijkertijd.', 6, 5, 1, 2, 144, '15.6', '33GB', 'SSD', '4TB', '00000094.png'),
(95, 'G41008', '784.99', '21713020817358582118', 'Schrijf een Word verslag of videochat met vrienden en familie op de Gigabyte G41008. Open een paar internet tabbladen tegelijkertijd dankzij 4GB werkgeheugen. Op een warme dag neem je de Lenovo mee naar de tuin. Je hebt geen last van zonlicht reflecties op het ontspiegelde beeldscherm. Via de Dolby Audio luidsprekers versta je iedereen duidelijk tijdens het Skypen of Zoomen. Even niet aan het videochatten? Schuif het klepje voor de webcam en werp een fysieke blokkade op voor potentiële meekijkers.', 6, 3, 4, 3, 60, '15.6', '4GB', 'SHDD', '1TB', '00000095.png'),
(96, 'ALY23RS', '1450.99', '73261057222403675077', 'Bewerk video\'s en multitask overzichtelijk op het 17.3 inch beeldscherm van de Acer ALY23RS. Daar is deze Acer met Intel Core i9 processor en 4GB werkgeheugen. Werk op een zonnige dag in jouw achtertuin verder. Het ontspiegelde beeldscherm zorgt ervoor dat je geen last hebt van vervelende lichtreflecties.', 3, 4, 5, 1, 60, '17.3', '4GB', 'HDD', '2TB', '00000096.png'),
(97, 'G01004', '837.99', '55111161302875884012', 'Bewerk video\'s en multitask overzichtelijk op het 12.5 inch beeldscherm van de Gigabyte G01004. Daar is deze Gigabyte met Intel Core i3 processor en 16GB werkgeheugen. Door de NVIDIA GeForce RTX 3070 videokaart renderen videoprojecten sneller en speel je simpele games als Minecraft en The Sims op deze laptop.', 6, 1, 5, 1, 144, '12.5', '16GB', 'SHDD', '4TB', '00000097.png'),
(98, 'ASF03GS', '622.99', '32252870420474504000', 'Bewerk video\'s en multitask overzichtelijk op het 12.5 inch beeldscherm van de Acer ASF03GS. Daar is deze Acer met AMD Ryzen 5 processor en 8GB werkgeheugen. Werk op een zonnige dag in jouw achtertuin verder. Het ontspiegelde beeldscherm zorgt ervoor dat je geen last hebt van vervelende lichtreflecties.', 3, 5, 4, 1, 120, '12.5', '8GB', 'SHDD', '1TB', '00000098.png'),
(99, 'H0186', '1554.99', '08275535727771842145', 'Bewerk video\'s en multitask overzichtelijk op het 17.3 inch beeldscherm van de HP H0186. Daar is deze HP met Intel Core i7 processor en 33GB werkgeheugen. Werk op een zonnige dag in jouw achtertuin verder. Het ontspiegelde beeldscherm zorgt ervoor dat je geen last hebt van vervelende lichtreflecties.', 4, 3, 6, 1, 60, '17.3', '33GB', 'HDD', '2TB', '00000099.png'),
(100, 'ATO-518', '1369.99', '40650765224358387465', 'Schrijf een Word verslag of videochat met vrienden en familie op de Asus ATO-518. Open een paar internet tabbladen tegelijkertijd dankzij 33GB werkgeheugen. Op een warme dag neem je de Lenovo mee naar de tuin. Je hebt geen last van zonlicht reflecties op het ontspiegelde beeldscherm. Via de Dolby Audio luidsprekers versta je iedereen duidelijk tijdens het Skypen of Zoomen. Even niet aan het videochatten? Schuif het klepje voor de webcam en werp een fysieke blokkade op voor potentiële meekijkers.', 2, 2, 4, 2, 60, '17.3', '33GB', 'SHDD', '500GB', '00000100.png'),
(101, 'H0705', '1465.99', '15782446723577404155', 'Bewerk video\'s en multitask overzichtelijk op het 11.6 inch beeldscherm van de HP H0705. Daar is deze HP met Intel Core i9 processor en 16GB werkgeheugen. Werk op een zonnige dag in jouw achtertuin verder. Het ontspiegelde beeldscherm zorgt ervoor dat je geen last hebt van vervelende lichtreflecties.', 4, 4, 5, 2, 144, '11.6', '16GB', 'SHDD', '500GB', '00000101.png'),
(102, 'G68007', '1310.99', '64706337733407276643', 'Bewerk bedrijfsvideo\'s of filmprojecten en schrijf tegelijkertijd het script uit met de Gigabyte G68007 12.5 inch laptop. De laptop is uitgerust met een Intel Core i9 processor en 33GB aan werkgeheugen, waardoor je vloeiend met zware bestanden aan het werk gaat. Het 12.5 inch beeldscherm komt met een haarscherpe Quad HD (1440p) resolutie. Inloggen gaat veilig en snel via de infrarood camera met gezichtsherkenning. Zo weet je zeker dat er geen ongewenste bezoekers gebruik maken van je laptop. Een muziekje luisteren tijdens werk of geluidsbestanden bewerken in je video? Door de Dolby Atmos speakers klinkt je geluid scherper dan bij standaard luidsprekers.', 6, 4, 5, 2, 60, '12.5', '33GB', 'SHDD', '1TB', '00000102.png'),
(103, 'ACB47SY', '925.99', '85040556641764847563', 'Schrijf een Word verslag of videochat met vrienden en familie op de Acer ACB47SY. Open een paar internet tabbladen tegelijkertijd dankzij 4GB werkgeheugen. Op een warme dag neem je de Lenovo mee naar de tuin. Je hebt geen last van zonlicht reflecties op het ontspiegelde beeldscherm. Via de Dolby Audio luidsprekers versta je iedereen duidelijk tijdens het Skypen of Zoomen. Even niet aan het videochatten? Schuif het klepje voor de webcam en werp een fysieke blokkade op voor potentiële meekijkers.', 3, 4, 2, 3, 144, '14', '4GB', 'HDD', '1TB', '00000103.png'),
(104, 'D07006', '1072.99', '77888368360027617664', 'Bewerk video\'s en multitask overzichtelijk op het 15.6 inch beeldscherm van de Dell D07006. Daar is deze Dell met Intel Core i3 processor en 16GB werkgeheugen. Werk op een zonnige dag in jouw achtertuin verder. Het ontspiegelde beeldscherm zorgt ervoor dat je geen last hebt van vervelende lichtreflecties.', 5, 1, 2, 2, 144, '15.6', '16GB', 'SSD', '4TB', '00000104.png'),
(105, 'G55000', '1069.99', '70501657536266627238', 'Schrijf een Word verslag of videochat met vrienden en familie op de Gigabyte G55000. Open een paar internet tabbladen tegelijkertijd dankzij 8GB werkgeheugen. Op een warme dag neem je de Lenovo mee naar de tuin. Je hebt geen last van zonlicht reflecties op het ontspiegelde beeldscherm. Via de Dolby Audio luidsprekers versta je iedereen duidelijk tijdens het Skypen of Zoomen. Even niet aan het videochatten? Schuif het klepje voor de webcam en werp een fysieke blokkade op voor potentiële meekijkers.', 6, 5, 5, 3, 144, '11.6', '8GB', 'SHDD', '1TB', '00000105.png'),
(106, 'AMU63JA', '1684.99', '74552402561776750138', 'Bewerk bedrijfsvideo\'s of filmprojecten en schrijf tegelijkertijd het script uit met de Acer AMU63JA 11.6 inch laptop. De laptop is uitgerust met een Intel Core i9 processor en 33GB aan werkgeheugen, waardoor je vloeiend met zware bestanden aan het werk gaat. Het 11.6 inch beeldscherm komt met een haarscherpe Full HD (1080p) resolutie. Inloggen gaat veilig en snel via de infrarood camera met gezichtsherkenning. Zo weet je zeker dat er geen ongewenste bezoekers gebruik maken van je laptop. Een muziekje luisteren tijdens werk of geluidsbestanden bewerken in je video? Door de Dolby Atmos speakers klinkt je geluid scherper dan bij standaard luidsprekers.', 3, 4, 4, 1, 60, '11.6', '33GB', 'SSD', '1TB', '00000106.png'),
(107, 'G64005', '1137.99', '83621267851510412358', 'Schrijf een Word verslag of videochat met vrienden en familie op de Gigabyte G64005. Open een paar internet tabbladen tegelijkertijd dankzij 16GB werkgeheugen. Op een warme dag neem je de Lenovo mee naar de tuin. Je hebt geen last van zonlicht reflecties op het ontspiegelde beeldscherm. Via de Dolby Audio luidsprekers versta je iedereen duidelijk tijdens het Skypen of Zoomen. Even niet aan het videochatten? Schuif het klepje voor de webcam en werp een fysieke blokkade op voor potentiële meekijkers.', 6, 5, 2, 2, 120, '14', '16GB', 'SHDD', '4TB', '00000107.png'),
(108, 'D41000', '1332.99', '46724173035877130272', 'Bewerk video\'s en multitask overzichtelijk op het 11.6 inch beeldscherm van de Dell D41000. Daar is deze Dell met Intel Core i3 processor en 8GB werkgeheugen. Werk op een zonnige dag in jouw achtertuin verder. Het ontspiegelde beeldscherm zorgt ervoor dat je geen last hebt van vervelende lichtreflecties.', 5, 1, 6, 1, 60, '11.6', '8GB', 'SSD', '2TB', '00000108.png'),
(109, 'G68005', '1091.99', '52576450857333366646', 'Speel games als Cyberpunk 2077 op bepaalde instellingen met hoge framerates op de Gigabyte G68005. Daar is de NVIDIA GeForce RTX 2080 Super videokaart krachtig genoeg voor. In competitieve shooters ben je jouw tegenstanders altijd een stapje voor dankzij het 144 hertz beeldscherm. Je ziet op dit scherm tot wel 144 beelden per seconden, waardoor snelle gameplay soepel weergegeven wordt. Met een Intel Core i9 processor en 8GB werkgeheugen blijft het niet bij gamen alleen. Bewerk video\'s, stream gameplay naar Twitch of werk in meerdere programma\'s tegelijkertijd.', 6, 4, 4, 2, 144, '11.6', '8GB', 'SHDD', '1TB', '00000109.png'),
(110, 'G21005', '674.99', '12721152275250547581', 'Bewerk video\'s en multitask overzichtelijk op het 17.3 inch beeldscherm van de Gigabyte G21005. Daar is deze Gigabyte met Intel Core i9 processor en 4GB werkgeheugen. Door de NVIDIA GeForce RTX 3080 videokaart renderen videoprojecten sneller en speel je simpele games als Minecraft en The Sims op deze laptop.', 6, 4, 6, 2, 144, '17.3', '4GB', 'HDD', '2TB', '00000110.png'),
(111, 'L3776', '1798.99', '80566658806463770405', 'Schrijf een Word verslag of videochat met vrienden en familie op de Lenovo L3776. Open een paar internet tabbladen tegelijkertijd dankzij 16GB werkgeheugen. Op een warme dag neem je de Lenovo mee naar de tuin. Je hebt geen last van zonlicht reflecties op het ontspiegelde beeldscherm. Via de Dolby Audio luidsprekers versta je iedereen duidelijk tijdens het Skypen of Zoomen. Even niet aan het videochatten? Schuif het klepje voor de webcam en werp een fysieke blokkade op voor potentiële meekijkers.', 1, 5, 4, 2, 144, '13.3', '16GB', 'HDD', '2TB', '00000111.png'),
(112, 'ADA-280', '1846.99', '18876052212057551624', 'Speel games als Cyberpunk 2077 op bepaalde instellingen met hoge framerates op de Asus ADA-280. Daar is de NVIDIA GeForce GTX 1650 videokaart krachtig genoeg voor. In competitieve shooters ben je jouw tegenstanders altijd een stapje voor dankzij het 60 hertz beeldscherm. Je ziet op dit scherm tot wel 60 beelden per seconden, waardoor snelle gameplay soepel weergegeven wordt. Met een Intel Core i3 processor en 16GB werkgeheugen blijft het niet bij gamen alleen. Bewerk video\'s, stream gameplay naar Twitch of werk in meerdere programma\'s tegelijkertijd.', 2, 1, 1, 1, 60, '12.5', '16GB', 'HDD', '500GB', '00000112.png'),
(113, 'G56008', '848.99', '60136387775667184324', 'Speel games als Cyberpunk 2077 op bepaalde instellingen met hoge framerates op de Gigabyte G56008. Daar is de NVIDIA GeForce RTX 3070 videokaart krachtig genoeg voor. In competitieve shooters ben je jouw tegenstanders altijd een stapje voor dankzij het 60 hertz beeldscherm. Je ziet op dit scherm tot wel 60 beelden per seconden, waardoor snelle gameplay soepel weergegeven wordt. Met een Intel Core i9 processor en 33GB werkgeheugen blijft het niet bij gamen alleen. Bewerk video\'s, stream gameplay naar Twitch of werk in meerdere programma\'s tegelijkertijd.', 6, 4, 5, 3, 60, '12.5', '33GB', 'SHDD', '500GB', '00000113.png'),
(114, 'H5483', '720.99', '83408538140571572416', 'Bewerk bedrijfsvideo\'s of filmprojecten en schrijf tegelijkertijd het script uit met de HP H5483 15.6 inch laptop. De laptop is uitgerust met een Intel Core i3 processor en 8GB aan werkgeheugen, waardoor je vloeiend met zware bestanden aan het werk gaat. Het 15.6 inch beeldscherm komt met een haarscherpe Quad HD (1440p) resolutie. Inloggen gaat veilig en snel via de infrarood camera met gezichtsherkenning. Zo weet je zeker dat er geen ongewenste bezoekers gebruik maken van je laptop. Een muziekje luisteren tijdens werk of geluidsbestanden bewerken in je video? Door de Dolby Atmos speakers klinkt je geluid scherper dan bij standaard luidsprekers.', 4, 1, 5, 2, 144, '15.6', '8GB', 'SSD', '1TB', '00000114.png');

INSERT INTO `resolution` (`id`, `resolution`) VALUES
(1, 'Full HD (1080p)'),
(2, 'Quad HD (1440p)'),
(3, '4K (UHD)');

ALTER TABLE `brand`
  ADD PRIMARY KEY (`id`);

ALTER TABLE `cpu`
  ADD PRIMARY KEY (`id`),
  ADD UNIQUE KEY `id_UNIQUE` (`id`);

ALTER TABLE `gpu`
  ADD PRIMARY KEY (`id`),
  ADD UNIQUE KEY `id_UNIQUE` (`id`);

ALTER TABLE `laptop`
  ADD PRIMARY KEY (`id`),
  ADD UNIQUE KEY `id_UNIQUE` (`id`),
  ADD KEY `fk_laptop_gpu_idx` (`gpu`),
  ADD KEY `fk_laptop_brand1_idx` (`brand`),
  ADD KEY `fk_laptop_cpu1_idx` (`cpu`),
  ADD KEY `fk_laptop_resolution1_idx` (`resolution`);

ALTER TABLE `resolution`
  ADD PRIMARY KEY (`id`);

ALTER TABLE `brand`
  MODIFY `id` int(11) NOT NULL AUTO_INCREMENT, AUTO_INCREMENT=6;

ALTER TABLE `cpu`
  MODIFY `id` int(11) NOT NULL AUTO_INCREMENT, AUTO_INCREMENT=3;

ALTER TABLE `gpu`
  MODIFY `id` int(11) NOT NULL AUTO_INCREMENT, AUTO_INCREMENT=3;

ALTER TABLE `resolution`
  MODIFY `id` int(11) NOT NULL AUTO_INCREMENT, AUTO_INCREMENT=4;

ALTER TABLE `laptop`
  ADD CONSTRAINT `fk_laptop_brand1` FOREIGN KEY (`brand`) REFERENCES `brand` (`id`) ON DELETE NO ACTION ON UPDATE NO ACTION,
  ADD CONSTRAINT `fk_laptop_cpu1` FOREIGN KEY (`cpu`) REFERENCES `cpu` (`id`) ON DELETE NO ACTION ON UPDATE NO ACTION,
  ADD CONSTRAINT `fk_laptop_gpu` FOREIGN KEY (`gpu`) REFERENCES `gpu` (`id`) ON DELETE NO ACTION ON UPDATE NO ACTION,
  ADD CONSTRAINT `fk_laptop_resolution1` FOREIGN KEY (`resolution`) REFERENCES `resolution` (`id`) ON DELETE NO ACTION ON UPDATE NO ACTION;
COMMIT;

/*!40101 SET CHARACTER_SET_CLIENT=@OLD_CHARACTER_SET_CLIENT */;
/*!40101 SET CHARACTER_SET_RESULTS=@OLD_CHARACTER_SET_RESULTS */;
/*!40101 SET COLLATION_CONNECTION=@OLD_COLLATION_CONNECTION */;